-- TTASK
INSERT INTO `TTASK`(`taskId`, `taskName`, `taskType`, `sceneName`, `sceneVersion`, `streamAnalyse`, `isPreset`, `isAvail`, `isDel`, `descInfo`, `sourceCode`, `createdTime`, `lastUpdateTime`, `uuid`, `flowAppId`)
VALUES (88000, '资源库统计', 2, NULL, '', 2, 1, 1, 2, NULL, NULL, '2021-01-11 00:00:00', '2021-01-11 00:00:00', '', NULL);

-- TTASK_STEP
INSERT INTO `TTASK_STEP`(`stepId`, `taskId`, `prevStepIds`, `name`, `descInfo`, `cronExpr`, `nextStartTime`, `tblCNNames`, `tblENNames`, `modelId`, `modelName`, `createdTime`, `lastUpdateTime`)
VALUES (88001, 88000, '-1', '资源库统计-人车码数据时空分布按小时统计', NULL, '0 10 * * * ?', '2021-01-11 00:00:00', '资源库统计', NULL, 0, '资源库统计-人车码数据时空分布按小时统计', '2021-01-11 00:00:00', '2021-01-11 00:00:00');

INSERT INTO `TTASK_STEP`(`stepId`, `taskId`, `prevStepIds`, `name`, `descInfo`, `cronExpr`, `nextStartTime`, `tblCNNames`, `tblENNames`, `modelId`, `modelName`, `createdTime`, `lastUpdateTime`)
VALUES (88002, 88000, '-1', '资源库统计-人车码强关系按天统计', NULL, '0 10 2 * * ?', '2021-01-11 00:00:00', '资源库统计', NULL, 0, '资源库统计-人车码强关系按天统计', '2021-01-11 00:00:00', '2021-01-11 00:00:00');

-- XXL_JOB_QRTZ_TRIGGER_INFO
INSERT INTO `XXL_JOB_QRTZ_TRIGGER_INFO`(`id`, `taskId`, `job_group`, `job_cron`, `job_desc`, `add_time`, `update_time`, `author`, `alarm_email`, `executor_route_strategy`, `executor_handler`, `executor_param`, `executor_block_strategy`, `executor_timeout`, `executor_fail_retry_count`, `glue_type`, `glue_source`, `glue_remark`, `glue_updatetime`, `parent_jobid`, `child_jobid`, `status`)
VALUES (88001, 88000, 2, '0 10 * * * ?', '资源库统计-人车码数据时空分布按小时统计', '2021-01-11 00:00:00', '2021-01-11 00:00:00', 'PCI', NULL, 'RANDOM', 'ruleStatJobHandler', '{"statConf":{"STAT_CATE":"0102"},"maxMemeorySize":"8g"}', NULL, 0, 0, 'BEAN', NULL, NULL, '2021-01-11 00:00:00', NULL, NULL, 1);

INSERT INTO `XXL_JOB_QRTZ_TRIGGER_INFO`(`id`, `taskId`, `job_group`, `job_cron`, `job_desc`, `add_time`, `update_time`, `author`, `alarm_email`, `executor_route_strategy`, `executor_handler`, `executor_param`, `executor_block_strategy`, `executor_timeout`, `executor_fail_retry_count`, `glue_type`, `glue_source`, `glue_remark`, `glue_updatetime`, `parent_jobid`, `child_jobid`, `status`)
VALUES (88002, 88000, 2, '0 10 2 * * ?', '资源库统计-人车码强关系按天统计', '2021-01-11 00:00:00', '2021-01-11 00:00:00', 'PCI', NULL, 'RANDOM', 'ruleStatJobHandler', '{"statConf":{"STAT_CATE":"0103"}}', NULL, 0, 0, 'BEAN', NULL, NULL, '2021-01-11 00:00:00', NULL, NULL, 1);

-- TTASK_STEP_INSTANCE
INSERT INTO `TTASK_STEP_INSTANCE`(`taskInstanceId`, `taskId`, `stepId`, `jobId`, `status`, `descInfo`, `batchId`, `parent_stepId`, `filterCondition`, `scheduleTime`, `startTime`, `stopTime`, `applicationId`, `completeTime`, `exception`, `lastUpdateTime`, `dataRange`, `isAlter`)
VALUES (88001, 88000, 88001, 88001, 0, '未运行', 0, NULL, NULL, '0 10 * * * ?', '2021-01-11 00:00:00', '2021-01-11 00:00:00', NULL, '2021-01-11 00:00:00', 'success', '2021-01-11 00:00:00', 1, 0);

INSERT INTO `TTASK_STEP_INSTANCE`(`taskInstanceId`, `taskId`, `stepId`, `jobId`, `status`, `descInfo`, `batchId`, `parent_stepId`, `filterCondition`, `scheduleTime`, `startTime`, `stopTime`, `applicationId`, `completeTime`, `exception`, `lastUpdateTime`, `dataRange`, `isAlter`)
VALUES (88002, 88000, 88002, 88002, 0, '未运行', 0, NULL, NULL, '0 10 2 * * ?', '2021-01-11 00:00:00', '2021-01-11 00:00:00', NULL, '2021-01-11 00:00:00', 'success', '2021-01-11 00:00:00', 1, 0);

INSERT INTO `TTASK`(`taskId`, `taskName`, `taskType`, `sceneName`, `sceneVersion`, `streamAnalyse`, `isPreset`, `isAvail`, `isDel`, `descInfo`, `sourceCode`, `createdTime`, `lastUpdateTime`, `uuid`, `flowAppId`) VALUES (99000, '融合算法-分布统计', 1, NULL, '', 2, 1, 1, 2, ' ', NULL, '2020-12-08 17:38:03', '2020-12-15 15:26:48', ' ', NULL);
INSERT INTO `TTASK`(`taskId`, `taskName`, `taskType`, `sceneName`, `sceneVersion`, `streamAnalyse`, `isPreset`, `isAvail`, `isDel`, `descInfo`, `sourceCode`, `createdTime`, `lastUpdateTime`, `uuid`, `flowAppId`) VALUES (99100, '融合算法-LCSS', 1, NULL, '', 2, 1, 1, 2, ' ', NULL, '2020-12-08 17:38:03', '2020-12-15 15:26:49', ' ', NULL);
INSERT INTO `TTASK`(`taskId`, `taskName`, `taskType`, `sceneName`, `sceneVersion`, `streamAnalyse`, `isPreset`, `isAvail`, `isDel`, `descInfo`, `sourceCode`, `createdTime`, `lastUpdateTime`, `uuid`, `flowAppId`) VALUES (99200, '融合算法-熵值法', 1, NULL, '', 2, 1, 1, 2, ' ', NULL, '2020-12-08 17:38:03', '2020-12-15 15:26:50', ' ', NULL);
INSERT INTO `TTASK`(`taskId`, `taskName`, `taskType`, `sceneName`, `sceneVersion`, `streamAnalyse`, `isPreset`, `isAvail`, `isDel`, `descInfo`, `sourceCode`, `createdTime`, `lastUpdateTime`, `uuid`, `flowAppId`) VALUES (99300, '融合算法-按场所伴随分析', 1, NULL, '', 2, 1, 1, 2, ' ', NULL, '2020-12-08 17:38:03', '2020-12-15 15:27:23', ' ', NULL);
INSERT INTO `TTASK`(`taskId`, `taskName`, `taskType`, `sceneName`, `sceneVersion`, `streamAnalyse`, `isPreset`, `isAvail`, `isDel`, `descInfo`, `sourceCode`, `createdTime`, `lastUpdateTime`, `uuid`, `flowAppId`) VALUES (99302, '模型融合分析-分析结果入es', 1, NULL, '', 2, 1, 1, 2, ' ', NULL, '2020-12-08 17:38:03', '2020-12-15 15:27:23', ' ', NULL);
INSERT INTO `TTASK`(`taskId`, `taskName`, `taskType`, `sceneName`, `sceneVersion`, `streamAnalyse`, `isPreset`, `isAvail`, `isDel`, `descInfo`, `sourceCode`, `createdTime`, `lastUpdateTime`, `uuid`, `flowAppId`) VALUES (99400, '所属关系', 1, NULL, '', 2, 1, 1, 2, '', NULL, '2020-12-08 17:38:03', '2020-12-15 15:26:48', '', NULL);
INSERT INTO `TTASK`(`taskId`, `taskName`, `taskType`, `sceneName`, `sceneVersion`, `streamAnalyse`, `isPreset`, `isAvail`, `isDel`, `descInfo`, `sourceCode`, `createdTime`, `lastUpdateTime`, `uuid`, `flowAppId`) VALUES (99401, '模型评估', 1, NULL, '', 2, 1, 2, 2, '', NULL, '2020-12-08 17:38:03', '2020-12-15 15:26:48', '', '');
INSERT INTO `TTASK`(`taskId`, `taskName`, `taskType`, `sceneName`, `sceneVersion`, `streamAnalyse`, `isPreset`, `isAvail`, `isDel`, `descInfo`, `sourceCode`, `createdTime`, `lastUpdateTime`, `uuid`, `flowAppId`) VALUES (99800, '融合算法-DTW', 1, NULL, '', 2, 1, 1, 2, ' ', NULL, '2020-12-08 17:38:03', '2020-12-15 15:26:59', ' ', NULL);
INSERT INTO `TTASK`(`taskId`, `taskName`, `taskType`, `sceneName`, `sceneVersion`, `streamAnalyse`, `isPreset`, `isAvail`, `isDel`, `descInfo`, `sourceCode`, `createdTime`, `lastUpdateTime`, `uuid`, `flowAppId`) VALUES (99900, '融合算法-FPTree', 1, NULL, '', 2, 1, 1, 2, ' ', NULL, '2020-12-08 17:38:03', '2020-12-15 15:27:11', ' ', NULL);
INSERT INTO `TTASK`(`taskId`, `taskName`, `taskType`, `sceneName`, `sceneVersion`, `streamAnalyse`, `isPreset`, `isAvail`, `isDel`, `descInfo`, `sourceCode`, `createdTime`, `lastUpdateTime`, `uuid`, `flowAppId`) VALUES (100000, '数据生命周期管理任务', 1, '', '', 2, 1, 1, 2, 'hive分区表生命周期管理:只支持分区表生命周期管理,时间分区只保留最近多少天数据', NULL, '2020-12-23 10:17:52', '2020-12-23 10:17:55', '', '');

INSERT INTO `TTASK_STEP`(`stepId`, `taskId`, `prevStepIds`, `name`, `descInfo`, `cronExpr`, `nextStartTime`, `tblCNNames`, `tblENNames`, `modelId`, `modelName`, `createdTime`, `lastUpdateTime`) VALUES (99001, 99000, '-1', '融合算法-分布统计-车车', NULL, '0 10 0 * * ?', '2020-12-29 13:10:00', '融合算法-分布统计', NULL, 0, '融合算法-分布统计-车车', '2020-12-08 17:39:58', '2020-12-16 00:09:58');
INSERT INTO `TTASK_STEP`(`stepId`, `taskId`, `prevStepIds`, `name`, `descInfo`, `cronExpr`, `nextStartTime`, `tblCNNames`, `tblENNames`, `modelId`, `modelName`, `createdTime`, `lastUpdateTime`) VALUES (99002, 99000, '-1', '融合算法-分布统计-车IMSI', NULL, '0 10 0 * * ?', '2020-12-29 13:15:00', '融合算法-分布统计', NULL, 0, '融合算法-分布统计-车IMSI', '2020-12-08 17:39:58', '2020-12-16 00:09:58');
INSERT INTO `TTASK_STEP`(`stepId`, `taskId`, `prevStepIds`, `name`, `descInfo`, `cronExpr`, `nextStartTime`, `tblCNNames`, `tblENNames`, `modelId`, `modelName`, `createdTime`, `lastUpdateTime`) VALUES (99003, 99000, '-1', '融合算法-分布统计-IMSI-IMSI', NULL, '0 10 0 * * ?', '2020-12-29 13:20:00', '融合算法-分布统计', NULL, 0, '融合算法-分布统计-IMSI-IMSI', '2020-12-08 17:39:58', '2020-12-16 00:09:58');
INSERT INTO `TTASK_STEP`(`stepId`, `taskId`, `prevStepIds`, `name`, `descInfo`, `cronExpr`, `nextStartTime`, `tblCNNames`, `tblENNames`, `modelId`, `modelName`, `createdTime`, `lastUpdateTime`) VALUES (99004, 99000, '-1', '融合算法-分布统计-人人', NULL, '0 10 0 * * ?', '2020-12-29 13:25:00', '融合算法-分布统计', NULL, 0, '融合算法-分布统计-人人', '2020-12-08 17:39:58', '2020-12-16 00:09:58');
INSERT INTO `TTASK_STEP`(`stepId`, `taskId`, `prevStepIds`, `name`, `descInfo`, `cronExpr`, `nextStartTime`, `tblCNNames`, `tblENNames`, `modelId`, `modelName`, `createdTime`, `lastUpdateTime`) VALUES (99005, 99000, '-1', '融合算法-分布统计-人IMSI', NULL, '0 10 0 * * ?', '2020-12-29 13:30:00', '融合算法-分布统计', NULL, 0, '融合算法-分布统计-人IMSI', '2020-12-08 17:39:58', '2020-12-16 00:09:58');
INSERT INTO `TTASK_STEP`(`stepId`, `taskId`, `prevStepIds`, `name`, `descInfo`, `cronExpr`, `nextStartTime`, `tblCNNames`, `tblENNames`, `modelId`, `modelName`, `createdTime`, `lastUpdateTime`) VALUES (99006, 99000, '-1', '融合算法-分布统计-车MAC', NULL, '0 10 0 * * ?', '2020-12-29 13:35:00', '融合算法-分布统计', NULL, 0, '融合算法-分布统计-CAR-MAC', '2020-12-08 17:39:58', '2020-12-16 00:09:58');
INSERT INTO `TTASK_STEP`(`stepId`, `taskId`, `prevStepIds`, `name`, `descInfo`, `cronExpr`, `nextStartTime`, `tblCNNames`, `tblENNames`, `modelId`, `modelName`, `createdTime`, `lastUpdateTime`) VALUES (99007, 99000, '-1', '融合算法-分布统计-车IMEI', NULL, '0 10 0 * * ?', '2020-12-29 13:40:00', '融合算法-分布统计', NULL, 0, '融合算法-分布统计-车IMEI', '2020-12-08 17:39:58', '2020-12-14 20:43:56');
INSERT INTO `TTASK_STEP`(`stepId`, `taskId`, `prevStepIds`, `name`, `descInfo`, `cronExpr`, `nextStartTime`, `tblCNNames`, `tblENNames`, `modelId`, `modelName`, `createdTime`, `lastUpdateTime`) VALUES (99008, 99000, '-1', '融合算法-分布统计-车手机号', NULL, '0 10 0 * * ?', '2020-12-29 13:07:00', '融合算法-分布统计', NULL, 0, '融合算法-分布统计-车手机号', '2020-12-08 17:39:58', '2020-12-14 20:43:56');
INSERT INTO `TTASK_STEP`(`stepId`, `taskId`, `prevStepIds`, `name`, `descInfo`, `cronExpr`, `nextStartTime`, `tblCNNames`, `tblENNames`, `modelId`, `modelName`, `createdTime`, `lastUpdateTime`) VALUES (99009, 99000, '-1', '融合算法-分布统计-人MAC', NULL, '0 10 0 * * ?', '2020-12-29 13:50:00', '融合算法-分布统计', NULL, 0, '融合算法-分布统计-人MAC', '2020-12-08 17:39:58', '2020-12-14 20:43:56');
INSERT INTO `TTASK_STEP`(`stepId`, `taskId`, `prevStepIds`, `name`, `descInfo`, `cronExpr`, `nextStartTime`, `tblCNNames`, `tblENNames`, `modelId`, `modelName`, `createdTime`, `lastUpdateTime`) VALUES (99010, 99000, '-1', '融合算法-分布统计-人IMEI', NULL, '0 10 0 * * ?', '2020-12-29 13:55:00', '融合算法-分布统计', NULL, 0, '融合算法-分布统计-人IMEI', '2020-12-08 17:39:58', '2020-12-14 20:43:56');
INSERT INTO `TTASK_STEP`(`stepId`, `taskId`, `prevStepIds`, `name`, `descInfo`, `cronExpr`, `nextStartTime`, `tblCNNames`, `tblENNames`, `modelId`, `modelName`, `createdTime`, `lastUpdateTime`) VALUES (99011, 99000, '-1', '融合算法-分布统计-手机号手机号', NULL, '0 10 0 * * ?', '2020-12-29 13:18:00', '融合算法-分布统计', NULL, 0, '融合算法-分布统计-手机号手机号', '2020-12-08 17:39:58', '2020-12-14 20:43:56');
INSERT INTO `TTASK_STEP`(`stepId`, `taskId`, `prevStepIds`, `name`, `descInfo`, `cronExpr`, `nextStartTime`, `tblCNNames`, `tblENNames`, `modelId`, `modelName`, `createdTime`, `lastUpdateTime`) VALUES (99012, 99000, '-1', '融合算法-分布统计-IMEIIMEI', NULL, '0 10 0 * * ?', '2020-12-29 13:28:00', '融合算法-分布统计', NULL, 0, '融合算法-分布统计-IMEIIMEI', '2020-12-08 17:39:58', '2020-12-14 20:43:56');
INSERT INTO `TTASK_STEP`(`stepId`, `taskId`, `prevStepIds`, `name`, `descInfo`, `cronExpr`, `nextStartTime`, `tblCNNames`, `tblENNames`, `modelId`, `modelName`, `createdTime`, `lastUpdateTime`) VALUES (99013, 99000, '-1', '融合算法-分布统计-MACMAC', NULL, '0 10 0 * * ?', '2020-12-29 13:38:00', '融合算法-分布统计', NULL, 0, '融合算法-分布统计-MACMAC', '2020-12-08 17:39:58', '2020-12-14 20:43:56');
INSERT INTO `TTASK_STEP`(`stepId`, `taskId`, `prevStepIds`, `name`, `descInfo`, `cronExpr`, `nextStartTime`, `tblCNNames`, `tblENNames`, `modelId`, `modelName`, `createdTime`, `lastUpdateTime`) VALUES (99014, 99000, '-1', '融合算法-分布统计-人手机号', NULL, '0 10 0 * * ?', '2020-12-29 13:48:00', '融合算法-分布统计', NULL, 0, '融合算法-分布统计-人手机号', '2020-12-08 17:39:58', '2020-12-14 20:43:56');
INSERT INTO `TTASK_STEP`(`stepId`, `taskId`, `prevStepIds`, `name`, `descInfo`, `cronExpr`, `nextStartTime`, `tblCNNames`, `tblENNames`, `modelId`, `modelName`, `createdTime`, `lastUpdateTime`) VALUES (99101, 99100, '-1', '融合算法-LCSS-车车', NULL, '0 10 3 * * ?', '2020-12-28 18:26:00', '融合算法-LCSS', NULL, 0, '融合算法-LCSS-车车', '2020-12-08 17:39:58', '2020-12-14 20:47:20');
INSERT INTO `TTASK_STEP`(`stepId`, `taskId`, `prevStepIds`, `name`, `descInfo`, `cronExpr`, `nextStartTime`, `tblCNNames`, `tblENNames`, `modelId`, `modelName`, `createdTime`, `lastUpdateTime`) VALUES (99102, 99100, '-1', '融合算法-LCSS-车IMSI', NULL, '0 10 3 * * ?', '2020-12-28 18:26:00', '融合算法-LCSS', NULL, 0, '融合算法-LCSS-车IMSI', '2020-12-08 17:39:58', '2020-12-16 03:09:58');
INSERT INTO `TTASK_STEP`(`stepId`, `taskId`, `prevStepIds`, `name`, `descInfo`, `cronExpr`, `nextStartTime`, `tblCNNames`, `tblENNames`, `modelId`, `modelName`, `createdTime`, `lastUpdateTime`) VALUES (99103, 99100, '-1', '融合算法-LCSS-人人', NULL, '0 10 3 * * ?', '2020-12-29 02:40:00', '融合算法-LCSS', NULL, 0, '融合算法-LCSS-人人', '2020-12-08 17:39:58', '2020-12-16 03:09:58');
INSERT INTO `TTASK_STEP`(`stepId`, `taskId`, `prevStepIds`, `name`, `descInfo`, `cronExpr`, `nextStartTime`, `tblCNNames`, `tblENNames`, `modelId`, `modelName`, `createdTime`, `lastUpdateTime`) VALUES (99104, 99100, '-1', '融合算法-LCSS-人IMSI', NULL, '0 10 3 * * ?', '2020-12-29 03:40:00', '融合算法-LCSS', NULL, 0, '融合算法-LCSS-人IMSI', '2020-12-08 17:39:58', '2020-12-16 03:09:58');
INSERT INTO `TTASK_STEP`(`stepId`, `taskId`, `prevStepIds`, `name`, `descInfo`, `cronExpr`, `nextStartTime`, `tblCNNames`, `tblENNames`, `modelId`, `modelName`, `createdTime`, `lastUpdateTime`) VALUES (99105, 99100, '-1', '融合算法-LCSS-IMSI-IMSI', NULL, '0 10 3 * * ?', '2020-12-29 04:40:00', '融合算法-LCSS', NULL, 0, '融合算法-LCSS-IMSI-IMSI', '2020-12-08 17:39:58', '2020-12-16 03:09:58');
INSERT INTO `TTASK_STEP`(`stepId`, `taskId`, `prevStepIds`, `name`, `descInfo`, `cronExpr`, `nextStartTime`, `tblCNNames`, `tblENNames`, `modelId`, `modelName`, `createdTime`, `lastUpdateTime`) VALUES (99106, 99100, '-1', '融合算法-LCSS-车MAC', NULL, '0 10 3 * * ?', '2020-12-29 02:50:00', '融合算法-LCSS', NULL, 0, '融合算法-LCSS-车MAC', '2020-12-08 17:39:58', '2020-12-16 03:09:58');
INSERT INTO `TTASK_STEP`(`stepId`, `taskId`, `prevStepIds`, `name`, `descInfo`, `cronExpr`, `nextStartTime`, `tblCNNames`, `tblENNames`, `modelId`, `modelName`, `createdTime`, `lastUpdateTime`) VALUES (99107, 99100, '-1', '融合算法-LCSS-车IMEI', NULL, '0 10 3 * * ?', '2020-12-29 02:10:00', '融合算法-LCSS', NULL, 0, '融合算法-LCSS-车IMEI', '2020-12-08 17:39:58', '2020-12-14 20:47:32');
INSERT INTO `TTASK_STEP`(`stepId`, `taskId`, `prevStepIds`, `name`, `descInfo`, `cronExpr`, `nextStartTime`, `tblCNNames`, `tblENNames`, `modelId`, `modelName`, `createdTime`, `lastUpdateTime`) VALUES (99108, 99100, '-1', '融合算法-LCSS-车手机号', NULL, '0 10 3 * * ?', '2020-12-29 01:10:00', '融合算法-LCSS', NULL, 0, '融合算法-LCSS-车手机号', '2020-12-08 17:39:58', '2020-12-14 20:47:32');
INSERT INTO `TTASK_STEP`(`stepId`, `taskId`, `prevStepIds`, `name`, `descInfo`, `cronExpr`, `nextStartTime`, `tblCNNames`, `tblENNames`, `modelId`, `modelName`, `createdTime`, `lastUpdateTime`) VALUES (99109, 99100, '-1', '融合算法-LCSS-人MAC', NULL, '0 10 3 * * ?', '2020-12-29 03:10:00', '融合算法-LCSS', NULL, 0, '融合算法-LCSS-人MAC', '2020-12-08 17:39:58', '2020-12-14 20:47:32');
INSERT INTO `TTASK_STEP`(`stepId`, `taskId`, `prevStepIds`, `name`, `descInfo`, `cronExpr`, `nextStartTime`, `tblCNNames`, `tblENNames`, `modelId`, `modelName`, `createdTime`, `lastUpdateTime`) VALUES (99110, 99100, '-1', '融合算法-LCSS-人IMEI', NULL, '0 10 3 * * ?', '2020-12-29 04:10:00', '融合算法-LCSS', NULL, 0, '融合算法-LCSS-人IMEI', '2020-12-08 17:39:58', '2020-12-14 20:47:32');
INSERT INTO `TTASK_STEP`(`stepId`, `taskId`, `prevStepIds`, `name`, `descInfo`, `cronExpr`, `nextStartTime`, `tblCNNames`, `tblENNames`, `modelId`, `modelName`, `createdTime`, `lastUpdateTime`) VALUES (99111, 99100, '-1', '融合算法-LCSS-人手机号', NULL, '0 10 3 * * ?', '2020-12-29 02:30:00', '融合算法-LCSS', NULL, 0, '融合算法-LCSS-人手机号', '2020-12-08 17:39:58', '2020-12-14 20:47:32');
INSERT INTO `TTASK_STEP`(`stepId`, `taskId`, `prevStepIds`, `name`, `descInfo`, `cronExpr`, `nextStartTime`, `tblCNNames`, `tblENNames`, `modelId`, `modelName`, `createdTime`, `lastUpdateTime`) VALUES (99112, 99100, '-1', '融合算法-LCSS-手机号手机号', NULL, '0 10 3 * * ?', '2020-12-29 03:30:00', '融合算法-LCSS', NULL, 0, '融合算法-LCSS-手机号手机号', '2020-12-08 17:39:58', '2020-12-14 20:47:32');
INSERT INTO `TTASK_STEP`(`stepId`, `taskId`, `prevStepIds`, `name`, `descInfo`, `cronExpr`, `nextStartTime`, `tblCNNames`, `tblENNames`, `modelId`, `modelName`, `createdTime`, `lastUpdateTime`) VALUES (99113, 99100, '-1', '融合算法-LCSS-IMEIIMEI', NULL, '0 10 3 * * ?', '2020-12-29 04:30:00', '融合算法-LCSS', NULL, 0, '融合算法-LCSS-IMEIIMEI', '2020-12-08 17:39:58', '2020-12-14 20:47:32');
INSERT INTO `TTASK_STEP`(`stepId`, `taskId`, `prevStepIds`, `name`, `descInfo`, `cronExpr`, `nextStartTime`, `tblCNNames`, `tblENNames`, `modelId`, `modelName`, `createdTime`, `lastUpdateTime`) VALUES (99114, 99100, '-1', '融合算法-LCSS-MACMAC', NULL, '0 10 3 * * ?', '2020-12-29 01:30:00', '融合算法-LCSS', NULL, 0, '融合算法-LCSS-MACMAC', '2020-12-08 17:39:58', '2020-12-14 20:47:32');
INSERT INTO `TTASK_STEP`(`stepId`, `taskId`, `prevStepIds`, `name`, `descInfo`, `cronExpr`, `nextStartTime`, `tblCNNames`, `tblENNames`, `modelId`, `modelName`, `createdTime`, `lastUpdateTime`) VALUES (99200, 99200, '-1', '熵值法特征数据处理', NULL, '0 51 15 * * ?', '2020-12-29 03:15:00', '熵值法特征数据处理', NULL, 0, '熵值法特征数据处理', '2020-12-08 17:39:58', '2020-12-15 11:55:26');
INSERT INTO `TTASK_STEP`(`stepId`, `taskId`, `prevStepIds`, `name`, `descInfo`, `cronExpr`, `nextStartTime`, `tblCNNames`, `tblENNames`, `modelId`, `modelName`, `createdTime`, `lastUpdateTime`) VALUES (99201, 99200, '99200', '融合算法-熵值法-车车', NULL, '0 51 15 * * ?', '2020-12-29 02:51:00', '融合算法-熵值法-车车', NULL, 0, '融合算法-熵值法-车车', '2020-12-08 17:39:58', '2020-12-15 11:55:26');
INSERT INTO `TTASK_STEP`(`stepId`, `taskId`, `prevStepIds`, `name`, `descInfo`, `cronExpr`, `nextStartTime`, `tblCNNames`, `tblENNames`, `modelId`, `modelName`, `createdTime`, `lastUpdateTime`) VALUES (99202, 99200, '99200', '融合算法-熵值法-车IMSI', NULL, '0 40 3 * * ?', '2020-12-29 02:40:00', '融合算法-熵值法-车IMSI', NULL, 0, '融合算法-熵值法-车IMSI', '2020-12-08 17:39:58', '2020-12-15 11:54:42');
INSERT INTO `TTASK_STEP`(`stepId`, `taskId`, `prevStepIds`, `name`, `descInfo`, `cronExpr`, `nextStartTime`, `tblCNNames`, `tblENNames`, `modelId`, `modelName`, `createdTime`, `lastUpdateTime`) VALUES (99203, 99200, '99200', '融合算法-熵值法-车MAC', NULL, '0 40 3 * * ?', '2020-12-29 03:40:00', '融合算法-熵值法-车MAC', NULL, 0, '融合算法-熵值法-车MAC', '2020-12-08 17:39:58', '2020-12-15 11:54:42');
INSERT INTO `TTASK_STEP`(`stepId`, `taskId`, `prevStepIds`, `name`, `descInfo`, `cronExpr`, `nextStartTime`, `tblCNNames`, `tblENNames`, `modelId`, `modelName`, `createdTime`, `lastUpdateTime`) VALUES (99204, 99200, '99200', '融合算法-熵值法-车手机号', NULL, '0 40 3 * * ?', '2020-12-29 04:40:00', '融合算法-熵值法-车手机号', NULL, 0, '融合算法-熵值法-车手机号', '2020-12-08 17:39:58', '2020-12-15 11:54:42');
INSERT INTO `TTASK_STEP`(`stepId`, `taskId`, `prevStepIds`, `name`, `descInfo`, `cronExpr`, `nextStartTime`, `tblCNNames`, `tblENNames`, `modelId`, `modelName`, `createdTime`, `lastUpdateTime`) VALUES (99205, 99200, '99200', '融合算法-熵值法-车IMEI', NULL, '0 40 3 * * ?', '2020-12-29 05:40:00', '融合算法-熵值法-车IMEI', NULL, 0, '融合算法-熵值法-车IMEI', '2020-12-08 17:39:58', '2020-12-15 11:54:42');
INSERT INTO `TTASK_STEP`(`stepId`, `taskId`, `prevStepIds`, `name`, `descInfo`, `cronExpr`, `nextStartTime`, `tblCNNames`, `tblENNames`, `modelId`, `modelName`, `createdTime`, `lastUpdateTime`) VALUES (99206, 99200, '99200', '融合算法-熵值法-IMSIIMSI', NULL, '0 40 3 * * ?', '2020-12-29 01:20:00', '融合算法-熵值法-IMSIIMSI', NULL, 0, '融合算法-熵值法-IMSIIMSI', '2020-12-08 17:39:58', '2020-12-15 11:54:42');
INSERT INTO `TTASK_STEP`(`stepId`, `taskId`, `prevStepIds`, `name`, `descInfo`, `cronExpr`, `nextStartTime`, `tblCNNames`, `tblENNames`, `modelId`, `modelName`, `createdTime`, `lastUpdateTime`) VALUES (99207, 99200, '99200', '融合算法-熵值法-IMEIIMEI', NULL, '0 40 3 * * ?', '2020-12-29 02:20:00', '融合算法-熵值法-IMEIIMEI', NULL, 0, '融合算法-熵值法-IMEIIMEI', '2020-12-08 17:39:58', '2020-12-15 11:59:43');
INSERT INTO `TTASK_STEP`(`stepId`, `taskId`, `prevStepIds`, `name`, `descInfo`, `cronExpr`, `nextStartTime`, `tblCNNames`, `tblENNames`, `modelId`, `modelName`, `createdTime`, `lastUpdateTime`) VALUES (99208, 99200, '99200', '融合算法-熵值法-MACMAC', NULL, '0 40 3 * * ?', '2020-12-29 03:20:00', '融合算法-熵值法-MACMAC', NULL, 0, '融合算法-熵值法-MACMAC', '2020-12-08 17:39:58', '2020-12-15 11:54:42');
INSERT INTO `TTASK_STEP`(`stepId`, `taskId`, `prevStepIds`, `name`, `descInfo`, `cronExpr`, `nextStartTime`, `tblCNNames`, `tblENNames`, `modelId`, `modelName`, `createdTime`, `lastUpdateTime`) VALUES (99300, 99300, '-1', '融合算法-按场所伴随分析-同上网', NULL, '0 20 04 * * ?', '2020-12-29 04:00:00', '融合算法-按场所伴随分析-同上网', NULL, 0, '融合算法-按场所伴随分析-同上网', '2020-12-08 17:39:58', '2020-12-14 17:07:38');
INSERT INTO `TTASK_STEP`(`stepId`, `taskId`, `prevStepIds`, `name`, `descInfo`, `cronExpr`, `nextStartTime`, `tblCNNames`, `tblENNames`, `modelId`, `modelName`, `createdTime`, `lastUpdateTime`) VALUES (99301, 99300, '-1', '融合算法-按场所伴随分析-同住', NULL, '0 40 04 * * ?', '2020-12-29 04:20:00', '融合算法-按场所伴随分析-同住', NULL, 0, '融合算法-按场所伴随分析-同住', '2020-12-08 17:39:58', '2020-12-14 17:07:38');
INSERT INTO `TTASK_STEP`(`stepId`, `taskId`, `prevStepIds`, `name`, `descInfo`, `cronExpr`, `nextStartTime`, `tblCNNames`, `tblENNames`, `modelId`, `modelName`, `createdTime`, `lastUpdateTime`) VALUES (99302, 99302, '-1', '模型融合分析-分析结果入es', NULL, '0 20 10 * * ?', '2020-12-29 10:20:00', '模型融合分析-分析结果入es', NULL, 0, '模型融合分析-分析结果入es', '2020-12-08 17:39:58', '2020-12-14 17:07:38');
INSERT INTO `TTASK_STEP`(`stepId`, `taskId`, `prevStepIds`, `name`, `descInfo`, `cronExpr`, `nextStartTime`, `tblCNNames`, `tblENNames`, `modelId`, `modelName`, `createdTime`, `lastUpdateTime`) VALUES (99400, 99400, '-1', '所属关系', NULL, '0 0 4 * * ?', '2020-12-29 04:00:00', '所属关系', NULL, 0, '所属关系', '2020-12-08 17:39:58', '2020-12-14 17:07:38');
INSERT INTO `TTASK_STEP`(`stepId`, `taskId`, `prevStepIds`, `name`, `descInfo`, `cronExpr`, `nextStartTime`, `tblCNNames`, `tblENNames`, `modelId`, `modelName`, `createdTime`, `lastUpdateTime`) VALUES (99401, 99401, '-1', '模型评估', NULL, '0 15 00 * * ?', '2020-12-28 11:03:00', '模型评估', NULL, 0, '模型评估', '2020-12-08 17:39:58', '2020-12-14 17:07:38');
INSERT INTO `TTASK_STEP`(`stepId`, `taskId`, `prevStepIds`, `name`, `descInfo`, `cronExpr`, `nextStartTime`, `tblCNNames`, `tblENNames`, `modelId`, `modelName`, `createdTime`, `lastUpdateTime`) VALUES (99800, 99800, '-1', '融合算法-DTW-车车', NULL, '0 10 0 * * ?', '2020-12-29 01:15:00', '融合算法-DTW-车车', NULL, 0, '融合算法-DTW-车车', '2020-12-08 17:39:58', '2020-12-14 17:07:38');
INSERT INTO `TTASK_STEP`(`stepId`, `taskId`, `prevStepIds`, `name`, `descInfo`, `cronExpr`, `nextStartTime`, `tblCNNames`, `tblENNames`, `modelId`, `modelName`, `createdTime`, `lastUpdateTime`) VALUES (99801, 99800, '-1', '融合算法-DTW-车IMSI', NULL, '0 10 01 * * ?', '2020-12-29 01:35:00', '融合算法-DTW-车IMSI', NULL, 0, '融合算法-DTW-车IMSI', '2020-12-08 17:39:58', '2020-12-16 19:34:58');
INSERT INTO `TTASK_STEP`(`stepId`, `taskId`, `prevStepIds`, `name`, `descInfo`, `cronExpr`, `nextStartTime`, `tblCNNames`, `tblENNames`, `modelId`, `modelName`, `createdTime`, `lastUpdateTime`) VALUES (99802, 99800, '-1', '融合算法-DTW-车MAC', NULL, '0 30 0 * * ?', '2020-12-29 00:30:00', '融合算法-DTW-车MAC', NULL, 0, '融合算法-DTW-车MAC', '2020-12-08 17:39:58', '2020-12-17 01:09:58');
INSERT INTO `TTASK_STEP`(`stepId`, `taskId`, `prevStepIds`, `name`, `descInfo`, `cronExpr`, `nextStartTime`, `tblCNNames`, `tblENNames`, `modelId`, `modelName`, `createdTime`, `lastUpdateTime`) VALUES (99803, 99800, '-1', '融合算法-DTW-车IMEI', NULL, '0 30 01 * * ?', '2020-12-29 01:30:00', '融合算法-DTW-车IMEI', NULL, 0, '融合算法-DTW-车IMEI', '2020-12-08 17:39:58', '2020-12-17 00:29:58');
INSERT INTO `TTASK_STEP`(`stepId`, `taskId`, `prevStepIds`, `name`, `descInfo`, `cronExpr`, `nextStartTime`, `tblCNNames`, `tblENNames`, `modelId`, `modelName`, `createdTime`, `lastUpdateTime`) VALUES (99804, 99800, '-1', '融合算法-DTW-车手机号', NULL, '0 20 0 * * ?', '2020-12-29 00:20:00', '融合算法-DTW-车手机号', NULL, 0, '融合算法-DTW-车手机号', '2020-12-08 17:39:58', '2020-12-17 01:29:58');
INSERT INTO `TTASK_STEP`(`stepId`, `taskId`, `prevStepIds`, `name`, `descInfo`, `cronExpr`, `nextStartTime`, `tblCNNames`, `tblENNames`, `modelId`, `modelName`, `createdTime`, `lastUpdateTime`) VALUES (99805, 99800, '-1', '融合算法-DTW-人人', NULL, '0 30 0 * * ?', '2020-12-29 00:30:00', '融合算法-DTW-人人', NULL, 0, '融合算法-DTW-人人', '2020-12-08 17:39:58', '2020-12-17 00:19:58');
INSERT INTO `TTASK_STEP`(`stepId`, `taskId`, `prevStepIds`, `name`, `descInfo`, `cronExpr`, `nextStartTime`, `tblCNNames`, `tblENNames`, `modelId`, `modelName`, `createdTime`, `lastUpdateTime`) VALUES (99806, 99800, '-1', '融合算法-DTW-人IMSI', NULL, '0 30 01 * * ?', '2020-12-29 01:30:00', '融合算法-DTW-人IMSI', NULL, 0, '融合算法-DTW-人IMSI', '2020-12-08 17:39:58', '2020-12-17 00:29:58');
INSERT INTO `TTASK_STEP`(`stepId`, `taskId`, `prevStepIds`, `name`, `descInfo`, `cronExpr`, `nextStartTime`, `tblCNNames`, `tblENNames`, `modelId`, `modelName`, `createdTime`, `lastUpdateTime`) VALUES (99807, 99800, '-1', '融合算法-DTW-人MAC', NULL, '0 50 02 * * ?', '2020-12-29 02:50:00', '融合算法-DTW-人MAC', NULL, 0, '融合算法-DTW-人MAC', '2020-12-08 17:39:58', '2020-12-17 01:29:58');
INSERT INTO `TTASK_STEP`(`stepId`, `taskId`, `prevStepIds`, `name`, `descInfo`, `cronExpr`, `nextStartTime`, `tblCNNames`, `tblENNames`, `modelId`, `modelName`, `createdTime`, `lastUpdateTime`) VALUES (99808, 99800, '-1', '融合算法-DTW-人IMEI', NULL, '0 10 01 * * ?', '2020-12-29 01:10:00', '融合算法-DTW-人IMEI', NULL, 0, '融合算法-DTW-人IMEI', '2020-12-08 17:39:58', '2020-12-17 02:49:58');
INSERT INTO `TTASK_STEP`(`stepId`, `taskId`, `prevStepIds`, `name`, `descInfo`, `cronExpr`, `nextStartTime`, `tblCNNames`, `tblENNames`, `modelId`, `modelName`, `createdTime`, `lastUpdateTime`) VALUES (99809, 99800, '-1', '融合算法-DTW-人手机号', NULL, '0 50 01 * * ?', '2020-12-29 01:50:00', '融合算法-DTW-人手机号', NULL, 0, '融合算法-DTW-人手机号', '2020-12-08 17:39:58', '2020-12-17 01:09:58');
INSERT INTO `TTASK_STEP`(`stepId`, `taskId`, `prevStepIds`, `name`, `descInfo`, `cronExpr`, `nextStartTime`, `tblCNNames`, `tblENNames`, `modelId`, `modelName`, `createdTime`, `lastUpdateTime`) VALUES (99810, 99800, '-1', '融合算法-DTW-手机号手机号', NULL, '0 10 02 * * ?', '2020-12-29 02:10:00', '融合算法-DTW-手机号手机号', NULL, 0, '融合算法-DTW-手机号手机号', '2020-12-08 17:39:58', '2020-12-17 01:49:58');
INSERT INTO `TTASK_STEP`(`stepId`, `taskId`, `prevStepIds`, `name`, `descInfo`, `cronExpr`, `nextStartTime`, `tblCNNames`, `tblENNames`, `modelId`, `modelName`, `createdTime`, `lastUpdateTime`) VALUES (99811, 99800, '-1', '融合算法-DTW-IMSIIMSI', NULL, '0 15 01 * * ?', '2020-12-29 01:15:00', '融合算法-DTW-IMSIIMSI', NULL, 0, '融合算法-DTW-IMSIIMSI', '2020-12-08 17:39:58', '2020-12-17 02:09:58');
INSERT INTO `TTASK_STEP`(`stepId`, `taskId`, `prevStepIds`, `name`, `descInfo`, `cronExpr`, `nextStartTime`, `tblCNNames`, `tblENNames`, `modelId`, `modelName`, `createdTime`, `lastUpdateTime`) VALUES (99812, 99800, '-1', '融合算法-DTW-IMEIIMEI', NULL, '0 20 02 * * ?', '2020-12-29 02:20:00', '融合算法-DTW-IMEIIMEI', NULL, 0, '融合算法-DTW-IMEIIMEI', '2020-12-08 17:39:58', '2020-12-17 01:14:58');
INSERT INTO `TTASK_STEP`(`stepId`, `taskId`, `prevStepIds`, `name`, `descInfo`, `cronExpr`, `nextStartTime`, `tblCNNames`, `tblENNames`, `modelId`, `modelName`, `createdTime`, `lastUpdateTime`) VALUES (99813, 99800, '-1', '融合算法-DTW-MACMAC', NULL, '0 30 01 * * ?', '2020-12-29 01:30:00', '融合算法-DTW-MACMAC', NULL, 0, '融合算法-DTW-MACMAC', '2020-12-08 17:39:58', '2020-12-17 01:29:58');
INSERT INTO `TTASK_STEP`(`stepId`, `taskId`, `prevStepIds`, `name`, `descInfo`, `cronExpr`, `nextStartTime`, `tblCNNames`, `tblENNames`, `modelId`, `modelName`, `createdTime`, `lastUpdateTime`) VALUES (99900, 99900, '-1', '融合算法-FPTree-车车', NULL, '0 20 0 * * ?', '2020-12-29 02:30:00', '融合算法-FPTree-车车', NULL, 0, '融合算法-FPTree-车车', '2020-12-08 17:39:58', '2020-12-14 17:07:38');
INSERT INTO `TTASK_STEP`(`stepId`, `taskId`, `prevStepIds`, `name`, `descInfo`, `cronExpr`, `nextStartTime`, `tblCNNames`, `tblENNames`, `modelId`, `modelName`, `createdTime`, `lastUpdateTime`) VALUES (99901, 99900, '-1', '融合算法-FPTree-车IMSI', NULL, '0 10 01 * * ?', '2020-12-29 01:10:00', '融合算法-FPTree-车IMSI', NULL, 0, '融合算法-FPTree-车IMSI', '2020-12-08 17:39:58', '2020-12-14 17:07:38');
INSERT INTO `TTASK_STEP`(`stepId`, `taskId`, `prevStepIds`, `name`, `descInfo`, `cronExpr`, `nextStartTime`, `tblCNNames`, `tblENNames`, `modelId`, `modelName`, `createdTime`, `lastUpdateTime`) VALUES (99902, 99900, '-1', '融合算法-FPTree-车MAC', NULL, '0 30 0 * * ?', '2020-12-29 00:30:00', '融合算法-FPTree-车MAC', NULL, 0, '融合算法-FPTree-车MAC', '2020-12-08 17:39:58', '2020-12-14 17:07:38');
INSERT INTO `TTASK_STEP`(`stepId`, `taskId`, `prevStepIds`, `name`, `descInfo`, `cronExpr`, `nextStartTime`, `tblCNNames`, `tblENNames`, `modelId`, `modelName`, `createdTime`, `lastUpdateTime`) VALUES (99903, 99900, '-1', '融合算法-FPTree-车IMEI', NULL, '0 30 01 * * ?', '2020-12-29 01:30:00', '融合算法-FPTree-车IMEI', NULL, 0, '融合算法-FPTree-车IMEI', '2020-12-08 17:39:58', '2020-12-14 17:07:38');
INSERT INTO `TTASK_STEP`(`stepId`, `taskId`, `prevStepIds`, `name`, `descInfo`, `cronExpr`, `nextStartTime`, `tblCNNames`, `tblENNames`, `modelId`, `modelName`, `createdTime`, `lastUpdateTime`) VALUES (99904, 99900, '-1', '融合算法-FPTree-车手机号', NULL, '0 20 0 * * ?', '2020-12-29 00:20:00', '融合算法-FPTree-车手机号', NULL, 0, '融合算法-FPTree-车手机号', '2020-12-08 17:39:58', '2020-12-14 17:07:38');
INSERT INTO `TTASK_STEP`(`stepId`, `taskId`, `prevStepIds`, `name`, `descInfo`, `cronExpr`, `nextStartTime`, `tblCNNames`, `tblENNames`, `modelId`, `modelName`, `createdTime`, `lastUpdateTime`) VALUES (99905, 99900, '-1', '融合算法-FPTree-人人', NULL, '0 30 0 * * ?', '2020-12-29 00:30:00', '融合算法-FPTree-人人', NULL, 0, '融合算法-FPTree-人人', '2020-12-08 17:39:58', '2020-12-14 17:07:38');
INSERT INTO `TTASK_STEP`(`stepId`, `taskId`, `prevStepIds`, `name`, `descInfo`, `cronExpr`, `nextStartTime`, `tblCNNames`, `tblENNames`, `modelId`, `modelName`, `createdTime`, `lastUpdateTime`) VALUES (99906, 99900, '-1', '融合算法-FPTree-人IMSI', NULL, '0 40 01 * * ?', '2020-12-29 01:40:00', '融合算法-FPTree-人IMSI', NULL, 0, '融合算法-FPTree-人IMSI', '2020-12-08 17:39:58', '2020-12-14 17:07:38');
INSERT INTO `TTASK_STEP`(`stepId`, `taskId`, `prevStepIds`, `name`, `descInfo`, `cronExpr`, `nextStartTime`, `tblCNNames`, `tblENNames`, `modelId`, `modelName`, `createdTime`, `lastUpdateTime`) VALUES (99907, 99900, '-1', '融合算法-FPTree-人MAC', NULL, '0 20 02 * * ?', '2020-12-29 02:20:00', '融合算法-FPTree-人MAC', NULL, 0, '融合算法-FPTree-人MAC', '2020-12-08 17:39:58', '2020-12-14 17:07:38');
INSERT INTO `TTASK_STEP`(`stepId`, `taskId`, `prevStepIds`, `name`, `descInfo`, `cronExpr`, `nextStartTime`, `tblCNNames`, `tblENNames`, `modelId`, `modelName`, `createdTime`, `lastUpdateTime`) VALUES (99908, 99900, '-1', '融合算法-FPTree-人IMEI', NULL, '0 20 01 * * ?', '2020-12-29 01:20:00', '融合算法-FPTree-人IMEI', NULL, 0, '融合算法-FPTree-人IMEI', '2020-12-08 17:39:58', '2020-12-14 17:07:38');
INSERT INTO `TTASK_STEP`(`stepId`, `taskId`, `prevStepIds`, `name`, `descInfo`, `cronExpr`, `nextStartTime`, `tblCNNames`, `tblENNames`, `modelId`, `modelName`, `createdTime`, `lastUpdateTime`) VALUES (99909, 99900, '-1', '融合算法-FPTree-人手机号', NULL, '0 50 01 * * ?', '2020-12-29 01:50:00', '融合算法-FPTree-人手机号', NULL, 0, '融合算法-FPTree-人手机号', '2020-12-08 17:39:58', '2020-12-14 17:07:38');
INSERT INTO `TTASK_STEP`(`stepId`, `taskId`, `prevStepIds`, `name`, `descInfo`, `cronExpr`, `nextStartTime`, `tblCNNames`, `tblENNames`, `modelId`, `modelName`, `createdTime`, `lastUpdateTime`) VALUES (99910, 99900, '-1', '融合算法-FPTree-手机号手机号', NULL, '0 10 02 * * ?', '2020-12-29 02:10:00', '融合算法-FPTree-手机号手机号', NULL, 0, '融合算法-FPTree-手机号手机号', '2020-12-08 17:39:58', '2020-12-14 17:07:38');
INSERT INTO `TTASK_STEP`(`stepId`, `taskId`, `prevStepIds`, `name`, `descInfo`, `cronExpr`, `nextStartTime`, `tblCNNames`, `tblENNames`, `modelId`, `modelName`, `createdTime`, `lastUpdateTime`) VALUES (99911, 99900, '-1', '融合算法-FPTree-IMSIIMSI', NULL, '0 15 01 * * ?', '2020-12-29 01:15:00', '融合算法-FPTree-IMSIIMSI', NULL, 0, '融合算法-FPTree-IMSIIMSI', '2020-12-08 17:39:58', '2020-12-14 17:07:38');
INSERT INTO `TTASK_STEP`(`stepId`, `taskId`, `prevStepIds`, `name`, `descInfo`, `cronExpr`, `nextStartTime`, `tblCNNames`, `tblENNames`, `modelId`, `modelName`, `createdTime`, `lastUpdateTime`) VALUES (99912, 99900, '-1', '融合算法-FPTree-IMEIIMEI', NULL, '0 20 01 * * ?', '2020-12-29 01:20:00', '融合算法-FPTree-IMEIIMEI', NULL, 0, '融合算法-FPTree-IMEIIMEI', '2020-12-08 17:39:58', '2020-12-14 17:07:38');
INSERT INTO `TTASK_STEP`(`stepId`, `taskId`, `prevStepIds`, `name`, `descInfo`, `cronExpr`, `nextStartTime`, `tblCNNames`, `tblENNames`, `modelId`, `modelName`, `createdTime`, `lastUpdateTime`) VALUES (99913, 99900, '-1', '融合算法-FPTree-MACMAC', NULL, '0 30 01 * * ?', '2020-12-29 01:30:00', '融合算法-FPTree-MACMAC', NULL, 0, '融合算法-FPTree-MACMAC', '2020-12-08 17:39:58', '2020-12-14 17:07:38');
INSERT INTO `TTASK_STEP`(`stepId`, `taskId`, `prevStepIds`, `name`, `descInfo`, `cronExpr`, `nextStartTime`, `tblCNNames`, `tblENNames`, `modelId`, `modelName`, `createdTime`, `lastUpdateTime`) VALUES (100000, 100000, '-1', '数据生命周期管理任务', NULL, '0 30 10 * * ?', '2020-12-29 09:39:00', '数据生命周期管理任务', NULL, 0, '数据生命周期管理任务', '2020-12-23 10:24:27', '2020-12-23 10:24:31');


INSERT INTO `XXL_JOB_QRTZ_TRIGGER_INFO`(`id`, `taskId`, `job_group`, `job_cron`, `job_desc`, `add_time`, `update_time`, `author`, `alarm_email`, `executor_route_strategy`, `executor_handler`, `executor_param`, `executor_block_strategy`, `executor_timeout`, `executor_fail_retry_count`, `glue_type`, `glue_source`, `glue_remark`, `glue_updatetime`, `parent_jobid`, `child_jobid`, `status`) VALUES (99001, 99000, 6, '0 10 * * * ?', '融合算法-分布统计-车车', '2020-12-08 17:43:35', '2020-12-08 17:43:39', 'PCI', NULL, 'RANDOM', 'sparkSubmitJobHandler', '{\"analyzeModel\":{\"env\":{\"shellName\":\"data-algorithm.sh\",\"deployEnvName\":\"ALG_DEPLOY_HOME\"},\"params\":[{\"cnName\":\"入库分区数\",\"enName\":\"numPartitions\",\"desc\":\"入库分区数\",\"value\":\"1\"},{\"cnName\":\"关系类别\",\"enName\":\"relType\",\"desc\":\"关系类别,如：imei-imsi,imsi-imsi\",\"value\":\"car-car\"},{\"cnName\":\"算法类型\",\"enName\":\"algorithmType\",\"desc\":\"算法类型(可选一个或多个，多个用逗号分开),如：lcss,fptree,dtw,entropy\",\"value\":\"lcss,fptree,dtw,entropy\"},{\"cnName\":\"碰撞时间分片\",\"enName\":\"secondsSeriesThreshold\",\"desc\":\"碰撞时间分片，单位秒\",\"value\":\"60\"},{\"cnName\":\"时间压缩间隔\",\"enName\":\"timeSeriesThreshold\",\"desc\":\"碰撞时间分片，单位秒\",\"value\":\"180\"},{\"cnName\":\"数据库名称\",\"enName\":\"dataBaseName\",\"desc\":\"数据库名称\",\"value\":\"default\"},{\"cnName\":\"数据库类型\",\"enName\":\"databaseType\",\"desc\":\"数据库类型\",\"value\":\"hive\"},{\"cnName\":\"数据时间范围\",\"enName\":\"prevHourNums\",\"desc\":\"获取多长时间的数据，单位是小时\",\"value\":\"2\"}],\"isTag\":1,\"tagInfo\":[],\"mainClass\":\"com.suntek.algorithm.process.distribution.Distribution\",\"modelId\":8,\"modelName\":\"car-car分布\",\"stepId\":99001,\"taskId\":99000,\"descInfo\":\"\"},\"batchId\":0}', NULL, 0, 0, 'BEAN', NULL, NULL, '2020-12-08 17:43:59', NULL, NULL, 1);
INSERT INTO `XXL_JOB_QRTZ_TRIGGER_INFO`(`id`, `taskId`, `job_group`, `job_cron`, `job_desc`, `add_time`, `update_time`, `author`, `alarm_email`, `executor_route_strategy`, `executor_handler`, `executor_param`, `executor_block_strategy`, `executor_timeout`, `executor_fail_retry_count`, `glue_type`, `glue_source`, `glue_remark`, `glue_updatetime`, `parent_jobid`, `child_jobid`, `status`) VALUES (99002, 99000, 6, '0 15 * * * ?', '融合算法-分布统计-车IMSI', '2020-12-08 17:43:35', '2020-12-08 17:43:39', 'PCI', NULL, 'RANDOM', 'sparkSubmitJobHandler', '{\"analyzeModel\":{\"env\":{\"shellName\":\"data-algorithm.sh\",\"deployEnvName\":\"ALG_DEPLOY_HOME\"},\"params\":[{\"cnName\":\"入库分区数\",\"enName\":\"numPartitions\",\"desc\":\"入库分区数\",\"value\":\"1\"},{\"cnName\":\"关系类别\",\"enName\":\"relType\",\"desc\":\"关系类别,如：imei-imsi,imsi-imsi\",\"value\":\"car-imsi\"},{\"cnName\":\"算法类型\",\"enName\":\"algorithmType\",\"desc\":\"算法类型(可选一个或多个，多个用逗号分开),如：lcss,fptree,dtw,entropy\",\"value\":\"lcss,fptree,dtw,entropy\"},{\"cnName\":\"碰撞时间分片\",\"enName\":\"secondsSeriesThreshold\",\"desc\":\"碰撞时间分片，单位秒\",\"value\":\"60\"},{\"cnName\":\"时间压缩间隔\",\"enName\":\"timeSeriesThreshold\",\"desc\":\"碰撞时间分片，单位秒\",\"value\":\"180\"},{\"cnName\":\"数据库名称\",\"enName\":\"dataBaseName\",\"desc\":\"数据库名称\",\"value\":\"default\"},{\"cnName\":\"数据库类型\",\"enName\":\"databaseType\",\"desc\":\"数据库类型\",\"value\":\"hive\"},{\"cnName\":\"数据时间范围\",\"enName\":\"prevHourNums\",\"desc\":\"获取多长时间的数据，单位是小时\",\"value\":\"2\"}],\"isTag\":1,\"tagInfo\":[],\"mainClass\":\"com.suntek.algorithm.process.distribution.Distribution\",\"modelId\":8,\"modelName\":\"car-imsi分布\",\"stepId\":99002,\"taskId\":99000,\"descInfo\":\"\"},\"batchId\":0}', NULL, 0, 0, 'BEAN', NULL, NULL, '2020-12-08 17:43:59', NULL, NULL, 1);
INSERT INTO `XXL_JOB_QRTZ_TRIGGER_INFO`(`id`, `taskId`, `job_group`, `job_cron`, `job_desc`, `add_time`, `update_time`, `author`, `alarm_email`, `executor_route_strategy`, `executor_handler`, `executor_param`, `executor_block_strategy`, `executor_timeout`, `executor_fail_retry_count`, `glue_type`, `glue_source`, `glue_remark`, `glue_updatetime`, `parent_jobid`, `child_jobid`, `status`) VALUES (99003, 99000, 6, '0 20 * * * ?', '融合算法-分布统计-IMSI-IMSI', '2020-12-08 17:43:35', '2020-12-08 17:43:39', 'PCI', NULL, 'RANDOM', 'sparkSubmitJobHandler', '{\"analyzeModel\":{\"env\":{\"shellName\":\"data-algorithm.sh\",\"deployEnvName\":\"ALG_DEPLOY_HOME\"},\"params\":[{\"cnName\":\"入库分区数\",\"enName\":\"numPartitions\",\"desc\":\"入库分区数\",\"value\":\"1\"},{\"cnName\":\"关系类别\",\"enName\":\"relType\",\"desc\":\"关系类别,如：imei-imsi,imsi-imsi\",\"value\":\"imsi-imsi\"},{\"cnName\":\"算法类型\",\"enName\":\"algorithmType\",\"desc\":\"算法类型(可选一个或多个，多个用逗号分开),如：lcss,fptree,dtw,entropy\",\"value\":\"lcss,fptree,dtw,entropy\"},{\"cnName\":\"碰撞时间分片\",\"enName\":\"secondsSeriesThreshold\",\"desc\":\"碰撞时间分片，单位秒\",\"value\":\"60\"},{\"cnName\":\"时间压缩间隔\",\"enName\":\"timeSeriesThreshold\",\"desc\":\"碰撞时间分片，单位秒\",\"value\":\"180\"},{\"cnName\":\"数据库名称\",\"enName\":\"dataBaseName\",\"desc\":\"数据库名称\",\"value\":\"default\"},{\"cnName\":\"数据库类型\",\"enName\":\"databaseType\",\"desc\":\"数据库类型\",\"value\":\"hive\"},{\"cnName\":\"数据时间范围\",\"enName\":\"prevHourNums\",\"desc\":\"获取多长时间的数据，单位是小时\",\"value\":\"2\"}],\"isTag\":1,\"tagInfo\":[],\"mainClass\":\"com.suntek.algorithm.process.distribution.Distribution\",\"modelId\":8,\"modelName\":\"imsi-imsi分布\",\"stepId\":99003,\"taskId\":99000,\"descInfo\":\"\"},\"batchId\":0}', NULL, 0, 0, 'BEAN', NULL, NULL, '2020-12-08 17:43:59', NULL, NULL, 1);
INSERT INTO `XXL_JOB_QRTZ_TRIGGER_INFO`(`id`, `taskId`, `job_group`, `job_cron`, `job_desc`, `add_time`, `update_time`, `author`, `alarm_email`, `executor_route_strategy`, `executor_handler`, `executor_param`, `executor_block_strategy`, `executor_timeout`, `executor_fail_retry_count`, `glue_type`, `glue_source`, `glue_remark`, `glue_updatetime`, `parent_jobid`, `child_jobid`, `status`) VALUES (99004, 99000, 6, '0 25 * * * ?', '融合算法-分布统计-人人', '2020-12-08 17:43:35', '2020-12-08 17:43:39', 'PCI', NULL, 'RANDOM', 'sparkSubmitJobHandler', '{\"analyzeModel\":{\"env\":{\"shellName\":\"data-algorithm.sh\",\"deployEnvName\":\"ALG_DEPLOY_HOME\"},\"params\":[{\"cnName\":\"入库分区数\",\"enName\":\"numPartitions\",\"desc\":\"入库分区数\",\"value\":\"1\"},{\"cnName\":\"关系类别\",\"enName\":\"relType\",\"desc\":\"关系类别,如：imei-imsi,imsi-imsi\",\"value\":\"person-person\"},{\"cnName\":\"算法类型\",\"enName\":\"algorithmType\",\"desc\":\"算法类型(可选一个或多个，多个用逗号分开),如：lcss,fptree,dtw,entropy\",\"value\":\"lcss,fptree,dtw,entropy\"},{\"cnName\":\"碰撞时间分片\",\"enName\":\"secondsSeriesThreshold\",\"desc\":\"碰撞时间分片，单位秒\",\"value\":\"60\"},{\"cnName\":\"时间压缩间隔\",\"enName\":\"timeSeriesThreshold\",\"desc\":\"碰撞时间分片，单位秒\",\"value\":\"180\"},{\"cnName\":\"数据库名称\",\"enName\":\"dataBaseName\",\"desc\":\"数据库名称\",\"value\":\"default\"},{\"cnName\":\"数据库类型\",\"enName\":\"databaseType\",\"desc\":\"数据库类型\",\"value\":\"hive\"},{\"cnName\":\"数据时间范围\",\"enName\":\"prevHourNums\",\"desc\":\"获取多长时间的数据，单位是小时\",\"value\":\"2\"}],\"isTag\":1,\"tagInfo\":[],\"mainClass\":\"com.suntek.algorithm.process.distribution.Distribution\",\"modelId\":8,\"modelName\":\"人人分布\",\"stepId\":99004,\"taskId\":99000,\"descInfo\":\"\"},\"batchId\":0}', NULL, 0, 0, 'BEAN', NULL, NULL, '2020-12-08 17:43:59', NULL, NULL, 1);
INSERT INTO `XXL_JOB_QRTZ_TRIGGER_INFO`(`id`, `taskId`, `job_group`, `job_cron`, `job_desc`, `add_time`, `update_time`, `author`, `alarm_email`, `executor_route_strategy`, `executor_handler`, `executor_param`, `executor_block_strategy`, `executor_timeout`, `executor_fail_retry_count`, `glue_type`, `glue_source`, `glue_remark`, `glue_updatetime`, `parent_jobid`, `child_jobid`, `status`) VALUES (99005, 99000, 6, '0 30 * * * ?', '融合算法-分布统计-人-IMSI', '2020-12-08 17:43:35', '2020-12-08 17:43:39', 'PCI', NULL, 'RANDOM', 'sparkSubmitJobHandler', '{\"analyzeModel\":{\"env\":{\"shellName\":\"data-algorithm.sh\",\"deployEnvName\":\"ALG_DEPLOY_HOME\"},\"params\":[{\"cnName\":\"入库分区数\",\"enName\":\"numPartitions\",\"desc\":\"入库分区数\",\"value\":\"1\"},{\"cnName\":\"关系类别\",\"enName\":\"relType\",\"desc\":\"关系类别,如：imei-imsi,imsi-imsi\",\"value\":\"person-imsi\"},{\"cnName\":\"算法类型\",\"enName\":\"algorithmType\",\"desc\":\"算法类型(可选一个或多个，多个用逗号分开),如：lcss,fptree,dtw,entropy\",\"value\":\"lcss,fptree,dtw,entropy\"},{\"cnName\":\"碰撞时间分片\",\"enName\":\"secondsSeriesThreshold\",\"desc\":\"碰撞时间分片，单位秒\",\"value\":\"60\"},{\"cnName\":\"时间压缩间隔\",\"enName\":\"timeSeriesThreshold\",\"desc\":\"碰撞时间分片，单位秒\",\"value\":\"180\"},{\"cnName\":\"数据库名称\",\"enName\":\"dataBaseName\",\"desc\":\"数据库名称\",\"value\":\"default\"},{\"cnName\":\"数据库类型\",\"enName\":\"databaseType\",\"desc\":\"数据库类型\",\"value\":\"hive\"},{\"cnName\":\"数据时间范围\",\"enName\":\"prevHourNums\",\"desc\":\"获取多长时间的数据，单位是小时\",\"value\":\"2\"}],\"isTag\":1,\"tagInfo\":[],\"mainClass\":\"com.suntek.algorithm.process.distribution.Distribution\",\"modelId\":8,\"modelName\":\"人IMSI分布\",\"stepId\":99005,\"taskId\":99000,\"descInfo\":\"\"},\"batchId\":0}', NULL, 0, 0, 'BEAN', NULL, NULL, '2020-12-08 17:43:59', NULL, NULL, 1);
INSERT INTO `XXL_JOB_QRTZ_TRIGGER_INFO`(`id`, `taskId`, `job_group`, `job_cron`, `job_desc`, `add_time`, `update_time`, `author`, `alarm_email`, `executor_route_strategy`, `executor_handler`, `executor_param`, `executor_block_strategy`, `executor_timeout`, `executor_fail_retry_count`, `glue_type`, `glue_source`, `glue_remark`, `glue_updatetime`, `parent_jobid`, `child_jobid`, `status`) VALUES (99006, 99000, 6, '0 35 * * * ?', '融合算法-分布统计-CAR-MAC', '2020-12-08 17:43:35', '2020-12-08 17:43:39', 'PCI', NULL, 'RANDOM', 'sparkSubmitJobHandler', '{\"analyzeModel\":{\"env\":{\"shellName\":\"data-algorithm.sh\",\"deployEnvName\":\"ALG_DEPLOY_HOME\"},\"params\":[{\"cnName\":\"入库分区数\",\"enName\":\"numPartitions\",\"desc\":\"入库分区数\",\"value\":\"1\"},{\"cnName\":\"关系类别\",\"enName\":\"relType\",\"desc\":\"关系类别,如：imei-imsi,imsi-imsi\",\"value\":\"car-mac\"},{\"cnName\":\"算法类型\",\"enName\":\"algorithmType\",\"desc\":\"算法类型(可选一个或多个，多个用逗号分开),如：lcss,fptree,dtw,entropy\",\"value\":\"lcss,fptree,dtw,entropy\"},{\"cnName\":\"碰撞时间分片\",\"enName\":\"secondsSeriesThreshold\",\"desc\":\"碰撞时间分片，单位秒\",\"value\":\"60\"},{\"cnName\":\"时间压缩间隔\",\"enName\":\"timeSeriesThreshold\",\"desc\":\"碰撞时间分片，单位秒\",\"value\":\"180\"},{\"cnName\":\"数据库名称\",\"enName\":\"dataBaseName\",\"desc\":\"数据库名称\",\"value\":\"default\"},{\"cnName\":\"数据库类型\",\"enName\":\"databaseType\",\"desc\":\"数据库类型\",\"value\":\"hive\"},{\"cnName\":\"数据时间范围\",\"enName\":\"prevHourNums\",\"desc\":\"获取多长时间的数据，单位是小时\",\"value\":\"2\"}],\"isTag\":1,\"tagInfo\":[],\"mainClass\":\"com.suntek.algorithm.process.distribution.Distribution\",\"modelId\":8,\"modelName\":\"CAR-MAC分布\",\"stepId\":99006,\"taskId\":99000,\"descInfo\":\"\"},\"batchId\":0}', NULL, 0, 0, 'BEAN', NULL, NULL, '2020-12-08 17:43:59', NULL, NULL, 0);
INSERT INTO `XXL_JOB_QRTZ_TRIGGER_INFO`(`id`, `taskId`, `job_group`, `job_cron`, `job_desc`, `add_time`, `update_time`, `author`, `alarm_email`, `executor_route_strategy`, `executor_handler`, `executor_param`, `executor_block_strategy`, `executor_timeout`, `executor_fail_retry_count`, `glue_type`, `glue_source`, `glue_remark`, `glue_updatetime`, `parent_jobid`, `child_jobid`, `status`) VALUES (99007, 99000, 6, '0 40 * * * ?', '融合算法-分布统计-车IMEI', '2020-12-08 17:43:35', '2020-12-08 17:43:39', 'PCI', NULL, 'RANDOM', 'sparkSubmitJobHandler', '{\"analyzeModel\":{\"env\":{\"shellName\":\"data-algorithm.sh\",\"deployEnvName\":\"ALG_DEPLOY_HOME\"},\"params\":[{\"cnName\":\"入库分区数\",\"enName\":\"numPartitions\",\"desc\":\"入库分区数\",\"value\":\"1\"},{\"cnName\":\"关系类别\",\"enName\":\"relType\",\"desc\":\"关系类别,如：imei-imsi,imsi-imsi\",\"value\":\"car-imei\"},{\"cnName\":\"算法类型\",\"enName\":\"algorithmType\",\"desc\":\"算法类型(可选一个或多个，多个用逗号分开),如：lcss,fptree,dtw,entropy\",\"value\":\"lcss,fptree,dtw,entropy\"},{\"cnName\":\"碰撞时间分片\",\"enName\":\"secondsSeriesThreshold\",\"desc\":\"碰撞时间分片，单位秒\",\"value\":\"60\"},{\"cnName\":\"时间压缩间隔\",\"enName\":\"timeSeriesThreshold\",\"desc\":\"碰撞时间分片，单位秒\",\"value\":\"180\"},{\"cnName\":\"数据库名称\",\"enName\":\"dataBaseName\",\"desc\":\"数据库名称\",\"value\":\"default\"},{\"cnName\":\"数据库类型\",\"enName\":\"databaseType\",\"desc\":\"数据库类型\",\"value\":\"hive\"},{\"cnName\":\"数据时间范围\",\"enName\":\"prevHourNums\",\"desc\":\"获取多长时间的数据，单位是小时\",\"value\":\"2\"}],\"isTag\":1,\"tagInfo\":[],\"mainClass\":\"com.suntek.algorithm.process.distribution.Distribution\",\"modelId\":8,\"modelName\":\"融合算法-分布统计-车IMEI\",\"stepId\":99007,\"taskId\":99000,\"descInfo\":\"\"},\"batchId\":0}', NULL, 0, 0, 'BEAN', NULL, NULL, '2020-12-08 17:43:59', NULL, NULL, 1);
INSERT INTO `XXL_JOB_QRTZ_TRIGGER_INFO`(`id`, `taskId`, `job_group`, `job_cron`, `job_desc`, `add_time`, `update_time`, `author`, `alarm_email`, `executor_route_strategy`, `executor_handler`, `executor_param`, `executor_block_strategy`, `executor_timeout`, `executor_fail_retry_count`, `glue_type`, `glue_source`, `glue_remark`, `glue_updatetime`, `parent_jobid`, `child_jobid`, `status`) VALUES (99008, 99000, 6, '0 07 * * * ?', '融合算法-分布统计-车手机号', '2020-12-08 17:43:35', '2020-12-08 17:43:39', 'PCI', NULL, 'RANDOM', 'sparkSubmitJobHandler', '{\"analyzeModel\":{\"env\":{\"shellName\":\"data-algorithm.sh\",\"deployEnvName\":\"ALG_DEPLOY_HOME\"},\"params\":[{\"cnName\":\"入库分区数\",\"enName\":\"numPartitions\",\"desc\":\"入库分区数\",\"value\":\"1\"},{\"cnName\":\"关系类别\",\"enName\":\"relType\",\"desc\":\"关系类别,如：imei-imsi,imsi-imsi\",\"value\":\"car-phone\"},{\"cnName\":\"算法类型\",\"enName\":\"algorithmType\",\"desc\":\"算法类型(可选一个或多个，多个用逗号分开),如：lcss,fptree,dtw,entropy\",\"value\":\"lcss,fptree,dtw,entropy\"},{\"cnName\":\"碰撞时间分片\",\"enName\":\"secondsSeriesThreshold\",\"desc\":\"碰撞时间分片，单位秒\",\"value\":\"60\"},{\"cnName\":\"时间压缩间隔\",\"enName\":\"timeSeriesThreshold\",\"desc\":\"碰撞时间分片，单位秒\",\"value\":\"180\"},{\"cnName\":\"数据库名称\",\"enName\":\"dataBaseName\",\"desc\":\"数据库名称\",\"value\":\"default\"},{\"cnName\":\"数据库类型\",\"enName\":\"databaseType\",\"desc\":\"数据库类型\",\"value\":\"hive\"},{\"cnName\":\"数据时间范围\",\"enName\":\"prevHourNums\",\"desc\":\"获取多长时间的数据，单位是小时\",\"value\":\"2\"}],\"isTag\":1,\"tagInfo\":[],\"mainClass\":\"com.suntek.algorithm.process.distribution.Distribution\",\"modelId\":8,\"modelName\":\"融合算法-分布统计-车手机号\",\"stepId\":99008,\"taskId\":99000,\"descInfo\":\"\"},\"batchId\":0}', NULL, 0, 0, 'BEAN', NULL, NULL, '2020-12-08 17:43:59', NULL, NULL, 1);
INSERT INTO `XXL_JOB_QRTZ_TRIGGER_INFO`(`id`, `taskId`, `job_group`, `job_cron`, `job_desc`, `add_time`, `update_time`, `author`, `alarm_email`, `executor_route_strategy`, `executor_handler`, `executor_param`, `executor_block_strategy`, `executor_timeout`, `executor_fail_retry_count`, `glue_type`, `glue_source`, `glue_remark`, `glue_updatetime`, `parent_jobid`, `child_jobid`, `status`) VALUES (99009, 99000, 6, '0 50 * * * ?', '融合算法-分布统计-人MAC', '2020-12-08 17:43:35', '2020-12-08 17:43:39', 'PCI', NULL, 'RANDOM', 'sparkSubmitJobHandler', '{\"analyzeModel\":{\"env\":{\"shellName\":\"data-algorithm.sh\",\"deployEnvName\":\"ALG_DEPLOY_HOME\"},\"params\":[{\"cnName\":\"入库分区数\",\"enName\":\"numPartitions\",\"desc\":\"入库分区数\",\"value\":\"1\"},{\"cnName\":\"关系类别\",\"enName\":\"relType\",\"desc\":\"关系类别,如：imei-imsi,imsi-imsi\",\"value\":\"person-mac\"},{\"cnName\":\"算法类型\",\"enName\":\"algorithmType\",\"desc\":\"算法类型(可选一个或多个，多个用逗号分开),如：lcss,fptree,dtw,entropy\",\"value\":\"lcss,fptree,dtw,entropy\"},{\"cnName\":\"碰撞时间分片\",\"enName\":\"secondsSeriesThreshold\",\"desc\":\"碰撞时间分片，单位秒\",\"value\":\"60\"},{\"cnName\":\"时间压缩间隔\",\"enName\":\"timeSeriesThreshold\",\"desc\":\"碰撞时间分片，单位秒\",\"value\":\"180\"},{\"cnName\":\"数据库名称\",\"enName\":\"dataBaseName\",\"desc\":\"数据库名称\",\"value\":\"default\"},{\"cnName\":\"数据库类型\",\"enName\":\"databaseType\",\"desc\":\"数据库类型\",\"value\":\"hive\"},{\"cnName\":\"数据时间范围\",\"enName\":\"prevHourNums\",\"desc\":\"获取多长时间的数据，单位是小时\",\"value\":\"2\"}],\"isTag\":1,\"tagInfo\":[],\"mainClass\":\"com.suntek.algorithm.process.distribution.Distribution\",\"modelId\":8,\"modelName\":\"融合算法-分布统计-人MAC\",\"stepId\":99009,\"taskId\":99000,\"descInfo\":\"\"},\"batchId\":0}', NULL, 0, 0, 'BEAN', NULL, NULL, '2020-12-08 17:43:59', NULL, NULL, 0);
INSERT INTO `XXL_JOB_QRTZ_TRIGGER_INFO`(`id`, `taskId`, `job_group`, `job_cron`, `job_desc`, `add_time`, `update_time`, `author`, `alarm_email`, `executor_route_strategy`, `executor_handler`, `executor_param`, `executor_block_strategy`, `executor_timeout`, `executor_fail_retry_count`, `glue_type`, `glue_source`, `glue_remark`, `glue_updatetime`, `parent_jobid`, `child_jobid`, `status`) VALUES (99010, 99000, 6, '0 55 * * * ?', '融合算法-分布统计-人IMEI', '2020-12-08 17:43:35', '2020-12-08 17:43:39', 'PCI', NULL, 'RANDOM', 'sparkSubmitJobHandler', '{\"analyzeModel\":{\"env\":{\"shellName\":\"data-algorithm.sh\",\"deployEnvName\":\"ALG_DEPLOY_HOME\"},\"params\":[{\"cnName\":\"入库分区数\",\"enName\":\"numPartitions\",\"desc\":\"入库分区数\",\"value\":\"1\"},{\"cnName\":\"关系类别\",\"enName\":\"relType\",\"desc\":\"关系类别,如：imei-imsi,imsi-imsi\",\"value\":\"person-imei\"},{\"cnName\":\"算法类型\",\"enName\":\"algorithmType\",\"desc\":\"算法类型(可选一个或多个，多个用逗号分开),如：lcss,fptree,dtw,entropy\",\"value\":\"lcss,fptree,dtw,entropy\"},{\"cnName\":\"碰撞时间分片\",\"enName\":\"secondsSeriesThreshold\",\"desc\":\"碰撞时间分片，单位秒\",\"value\":\"60\"},{\"cnName\":\"时间压缩间隔\",\"enName\":\"timeSeriesThreshold\",\"desc\":\"碰撞时间分片，单位秒\",\"value\":\"180\"},{\"cnName\":\"数据库名称\",\"enName\":\"dataBaseName\",\"desc\":\"数据库名称\",\"value\":\"default\"},{\"cnName\":\"数据库类型\",\"enName\":\"databaseType\",\"desc\":\"数据库类型\",\"value\":\"hive\"},{\"cnName\":\"数据时间范围\",\"enName\":\"prevHourNums\",\"desc\":\"获取多长时间的数据，单位是小时\",\"value\":\"2\"}],\"isTag\":1,\"tagInfo\":[],\"mainClass\":\"com.suntek.algorithm.process.distribution.Distribution\",\"modelId\":8,\"modelName\":\"融合算法-分布统计-人IMEI\",\"stepId\":99010,\"taskId\":99000,\"descInfo\":\"\"},\"batchId\":0}', NULL, 0, 0, 'BEAN', NULL, NULL, '2020-12-08 17:43:59', NULL, NULL, 1);
INSERT INTO `XXL_JOB_QRTZ_TRIGGER_INFO`(`id`, `taskId`, `job_group`, `job_cron`, `job_desc`, `add_time`, `update_time`, `author`, `alarm_email`, `executor_route_strategy`, `executor_handler`, `executor_param`, `executor_block_strategy`, `executor_timeout`, `executor_fail_retry_count`, `glue_type`, `glue_source`, `glue_remark`, `glue_updatetime`, `parent_jobid`, `child_jobid`, `status`) VALUES (99011, 99000, 6, '0 18 * * * ?', '融合算法-分布统计-手机号手机号', '2020-12-08 17:43:35', '2020-12-08 17:43:39', 'PCI', NULL, 'RANDOM', 'sparkSubmitJobHandler', '{\"analyzeModel\":{\"env\":{\"shellName\":\"data-algorithm.sh\",\"deployEnvName\":\"ALG_DEPLOY_HOME\"},\"params\":[{\"cnName\":\"入库分区数\",\"enName\":\"numPartitions\",\"desc\":\"入库分区数\",\"value\":\"1\"},{\"cnName\":\"关系类别\",\"enName\":\"relType\",\"desc\":\"关系类别,如：imei-imsi,imsi-imsi\",\"value\":\"phone-phone\"},{\"cnName\":\"算法类型\",\"enName\":\"algorithmType\",\"desc\":\"算法类型(可选一个或多个，多个用逗号分开),如：lcss,fptree,dtw,entropy\",\"value\":\"lcss,fptree,dtw,entropy\"},{\"cnName\":\"碰撞时间分片\",\"enName\":\"secondsSeriesThreshold\",\"desc\":\"碰撞时间分片，单位秒\",\"value\":\"60\"},{\"cnName\":\"时间压缩间隔\",\"enName\":\"timeSeriesThreshold\",\"desc\":\"碰撞时间分片，单位秒\",\"value\":\"180\"},{\"cnName\":\"数据库名称\",\"enName\":\"dataBaseName\",\"desc\":\"数据库名称\",\"value\":\"default\"},{\"cnName\":\"数据库类型\",\"enName\":\"databaseType\",\"desc\":\"数据库类型\",\"value\":\"hive\"},{\"cnName\":\"数据时间范围\",\"enName\":\"prevHourNums\",\"desc\":\"获取多长时间的数据，单位是小时\",\"value\":\"2\"}],\"isTag\":1,\"tagInfo\":[],\"mainClass\":\"com.suntek.algorithm.process.distribution.Distribution\",\"modelId\":8,\"modelName\":\"融合算法-分布统计-手机号手机号\",\"stepId\":99011,\"taskId\":99000,\"descInfo\":\"\"},\"batchId\":0}', NULL, 0, 0, 'BEAN', NULL, NULL, '2020-12-08 17:43:59', NULL, NULL, 1);
INSERT INTO `XXL_JOB_QRTZ_TRIGGER_INFO`(`id`, `taskId`, `job_group`, `job_cron`, `job_desc`, `add_time`, `update_time`, `author`, `alarm_email`, `executor_route_strategy`, `executor_handler`, `executor_param`, `executor_block_strategy`, `executor_timeout`, `executor_fail_retry_count`, `glue_type`, `glue_source`, `glue_remark`, `glue_updatetime`, `parent_jobid`, `child_jobid`, `status`) VALUES (99012, 99000, 6, '0 28 * * * ?', '融合算法-分布统计-IMEIIMEI', '2020-12-08 17:43:35', '2020-12-08 17:43:39', 'PCI', NULL, 'RANDOM', 'sparkSubmitJobHandler', '{\"analyzeModel\":{\"env\":{\"shellName\":\"data-algorithm.sh\",\"deployEnvName\":\"ALG_DEPLOY_HOME\"},\"params\":[{\"cnName\":\"入库分区数\",\"enName\":\"numPartitions\",\"desc\":\"入库分区数\",\"value\":\"1\"},{\"cnName\":\"关系类别\",\"enName\":\"relType\",\"desc\":\"关系类别,如：imei-imsi,imsi-imsi\",\"value\":\"imei-imei\"},{\"cnName\":\"算法类型\",\"enName\":\"algorithmType\",\"desc\":\"算法类型(可选一个或多个，多个用逗号分开),如：lcss,fptree,dtw,entropy\",\"value\":\"lcss,fptree,dtw,entropy\"},{\"cnName\":\"碰撞时间分片\",\"enName\":\"secondsSeriesThreshold\",\"desc\":\"碰撞时间分片，单位秒\",\"value\":\"60\"},{\"cnName\":\"时间压缩间隔\",\"enName\":\"timeSeriesThreshold\",\"desc\":\"碰撞时间分片，单位秒\",\"value\":\"180\"},{\"cnName\":\"数据库名称\",\"enName\":\"dataBaseName\",\"desc\":\"数据库名称\",\"value\":\"default\"},{\"cnName\":\"数据库类型\",\"enName\":\"databaseType\",\"desc\":\"数据库类型\",\"value\":\"hive\"},{\"cnName\":\"数据时间范围\",\"enName\":\"prevHourNums\",\"desc\":\"获取多长时间的数据，单位是小时\",\"value\":\"2\"}],\"isTag\":1,\"tagInfo\":[],\"mainClass\":\"com.suntek.algorithm.process.distribution.Distribution\",\"modelId\":8,\"modelName\":\"融合算法-分布统计-IMEIIMEI\",\"stepId\":99012,\"taskId\":99000,\"descInfo\":\"\"},\"batchId\":0}', NULL, 0, 0, 'BEAN', NULL, NULL, '2020-12-08 17:43:59', NULL, NULL, 1);
INSERT INTO `XXL_JOB_QRTZ_TRIGGER_INFO`(`id`, `taskId`, `job_group`, `job_cron`, `job_desc`, `add_time`, `update_time`, `author`, `alarm_email`, `executor_route_strategy`, `executor_handler`, `executor_param`, `executor_block_strategy`, `executor_timeout`, `executor_fail_retry_count`, `glue_type`, `glue_source`, `glue_remark`, `glue_updatetime`, `parent_jobid`, `child_jobid`, `status`) VALUES (99013, 99000, 6, '0 38 * * * ?', '融合算法-分布统计-MACMAC', '2020-12-08 17:43:35', '2020-12-08 17:43:39', 'PCI', NULL, 'RANDOM', 'sparkSubmitJobHandler', '{\"analyzeModel\":{\"env\":{\"shellName\":\"data-algorithm.sh\",\"deployEnvName\":\"ALG_DEPLOY_HOME\"},\"params\":[{\"cnName\":\"入库分区数\",\"enName\":\"numPartitions\",\"desc\":\"入库分区数\",\"value\":\"1\"},{\"cnName\":\"关系类别\",\"enName\":\"relType\",\"desc\":\"关系类别,如：imei-imsi,imsi-imsi\",\"value\":\"mac-mac\"},{\"cnName\":\"算法类型\",\"enName\":\"algorithmType\",\"desc\":\"算法类型(可选一个或多个，多个用逗号分开),如：lcss,fptree,dtw,entropy\",\"value\":\"lcss,fptree,dtw,entropy\"},{\"cnName\":\"碰撞时间分片\",\"enName\":\"secondsSeriesThreshold\",\"desc\":\"碰撞时间分片，单位秒\",\"value\":\"60\"},{\"cnName\":\"时间压缩间隔\",\"enName\":\"timeSeriesThreshold\",\"desc\":\"碰撞时间分片，单位秒\",\"value\":\"180\"},{\"cnName\":\"数据库名称\",\"enName\":\"dataBaseName\",\"desc\":\"数据库名称\",\"value\":\"default\"},{\"cnName\":\"数据库类型\",\"enName\":\"databaseType\",\"desc\":\"数据库类型\",\"value\":\"hive\"},{\"cnName\":\"数据时间范围\",\"enName\":\"prevHourNums\",\"desc\":\"获取多长时间的数据，单位是小时\",\"value\":\"2\"}],\"isTag\":1,\"tagInfo\":[],\"mainClass\":\"com.suntek.algorithm.process.distribution.Distribution\",\"modelId\":8,\"modelName\":\"融合算法-分布统计-MACMAC\",\"stepId\":99013,\"taskId\":99000,\"descInfo\":\"\"},\"batchId\":0}', NULL, 0, 0, 'BEAN', NULL, NULL, '2020-12-08 17:43:59', NULL, NULL, 0);
INSERT INTO `XXL_JOB_QRTZ_TRIGGER_INFO`(`id`, `taskId`, `job_group`, `job_cron`, `job_desc`, `add_time`, `update_time`, `author`, `alarm_email`, `executor_route_strategy`, `executor_handler`, `executor_param`, `executor_block_strategy`, `executor_timeout`, `executor_fail_retry_count`, `glue_type`, `glue_source`, `glue_remark`, `glue_updatetime`, `parent_jobid`, `child_jobid`, `status`) VALUES (99014, 99000, 6, '0 48 * * * ?', '融合算法-分布统计-人手机号', '2020-12-08 17:43:35', '2020-12-08 17:43:39', 'PCI', NULL, 'RANDOM', 'sparkSubmitJobHandler', '{\"analyzeModel\":{\"env\":{\"shellName\":\"data-algorithm.sh\",\"deployEnvName\":\"ALG_DEPLOY_HOME\"},\"params\":[{\"cnName\":\"入库分区数\",\"enName\":\"numPartitions\",\"desc\":\"入库分区数\",\"value\":\"1\"},{\"cnName\":\"关系类别\",\"enName\":\"relType\",\"desc\":\"关系类别,如：imei-imsi,imsi-imsi\",\"value\":\"person-phone\"},{\"cnName\":\"算法类型\",\"enName\":\"algorithmType\",\"desc\":\"算法类型(可选一个或多个，多个用逗号分开),如：lcss,fptree,dtw,entropy\",\"value\":\"lcss,fptree,dtw,entropy\"},{\"cnName\":\"碰撞时间分片\",\"enName\":\"secondsSeriesThreshold\",\"desc\":\"碰撞时间分片，单位秒\",\"value\":\"60\"},{\"cnName\":\"时间压缩间隔\",\"enName\":\"timeSeriesThreshold\",\"desc\":\"碰撞时间分片，单位秒\",\"value\":\"180\"},{\"cnName\":\"数据库名称\",\"enName\":\"dataBaseName\",\"desc\":\"数据库名称\",\"value\":\"default\"},{\"cnName\":\"数据库类型\",\"enName\":\"databaseType\",\"desc\":\"数据库类型\",\"value\":\"hive\"},{\"cnName\":\"数据时间范围\",\"enName\":\"prevHourNums\",\"desc\":\"获取多长时间的数据，单位是小时\",\"value\":\"2\"}],\"isTag\":1,\"tagInfo\":[],\"mainClass\":\"com.suntek.algorithm.process.distribution.Distribution\",\"modelId\":8,\"modelName\":\"CAR-MAC分布\",\"stepId\":99014,\"taskId\":99000,\"descInfo\":\"\"},\"batchId\":0}', NULL, 0, 0, 'BEAN', NULL, NULL, '2020-12-08 17:43:59', NULL, NULL, 1);
INSERT INTO `XXL_JOB_QRTZ_TRIGGER_INFO`(`id`, `taskId`, `job_group`, `job_cron`, `job_desc`, `add_time`, `update_time`, `author`, `alarm_email`, `executor_route_strategy`, `executor_handler`, `executor_param`, `executor_block_strategy`, `executor_timeout`, `executor_fail_retry_count`, `glue_type`, `glue_source`, `glue_remark`, `glue_updatetime`, `parent_jobid`, `child_jobid`, `status`) VALUES (99101, 99100, 6, '0 15 3 * * ?', '融合算法-LCSS-车车', '2020-12-08 17:43:35', '2020-12-08 17:43:39', 'PCI', NULL, 'RANDOM', 'sparkSubmitJobHandler', '{\"analyzeModel\":{\"env\":{\"shellName\":\"data-algorithm.sh\",\"deployEnvName\":\"ALG_DEPLOY_HOME\"},\"params\":[{\"cnName\":\"sparkdriver内存设置\",\"enName\":\"spark.driver.memory\",\"desc\":\"sparkdriver内存设置\",\"value\":\"5g\"},{\"cnName\":\"关系类别\",\"enName\":\"relType\",\"desc\":\"关系类别,如：imei-imsi,imsi-imsi\",\"value\":\"car-car\"},{\"cnName\":\"数据库名称\",\"enName\":\"dataBaseName\",\"desc\":\"数据库名称\",\"value\":\"default\"},{\"cnName\":\"数据库类型\",\"enName\":\"databaseType\",\"desc\":\"数据库类型\",\"value\":\"hive\"}],\"isTag\":1,\"tagInfo\":[],\"mainClass\":\"com.suntek.algorithm.process.lcss.LCSSHandler\",\"modelId\":8,\"modelName\":\"lcss\",\"stepId\":99101,\"taskId\":99100,\"descInfo\":\"\"},\"batchId\":0}', NULL, 0, 0, 'BEAN', NULL, NULL, '2020-12-08 17:43:59', NULL, NULL, 1);
INSERT INTO `XXL_JOB_QRTZ_TRIGGER_INFO`(`id`, `taskId`, `job_group`, `job_cron`, `job_desc`, `add_time`, `update_time`, `author`, `alarm_email`, `executor_route_strategy`, `executor_handler`, `executor_param`, `executor_block_strategy`, `executor_timeout`, `executor_fail_retry_count`, `glue_type`, `glue_source`, `glue_remark`, `glue_updatetime`, `parent_jobid`, `child_jobid`, `status`) VALUES (99102, 99100, 6, '0 45 3 * * ?', '融合算法-LCSS-车IMSI', '2020-12-08 17:43:35', '2020-12-08 17:43:39', 'PCI', NULL, 'RANDOM', 'sparkSubmitJobHandler', '{\"analyzeModel\":{\"env\":{\"shellName\":\"data-algorithm.sh\",\"deployEnvName\":\"ALG_DEPLOY_HOME\"},\"params\":[{\"cnName\":\"sparkdriver内存设置\",\"enName\":\"spark.driver.memory\",\"desc\":\"sparkdriver内存设置\",\"value\":\"5g\"},{\"cnName\":\"关系类别\",\"enName\":\"relType\",\"desc\":\"关系类别,如：imei-imsi,imsi-imsi\",\"value\":\"car-imsi\"},{\"cnName\":\"数据库名称\",\"enName\":\"dataBaseName\",\"desc\":\"数据库名称\",\"value\":\"default\"},{\"cnName\":\"数据库类型\",\"enName\":\"databaseType\",\"desc\":\"数据库类型\",\"value\":\"hive\"}],\"isTag\":1,\"tagInfo\":[],\"mainClass\":\"com.suntek.algorithm.process.lcss.LCSSHandler\",\"modelId\":8,\"modelName\":\"lcss\",\"stepId\":99102,\"taskId\":99100,\"descInfo\":\"\"},\"batchId\":0}', NULL, 0, 0, 'BEAN', NULL, NULL, '2020-12-08 17:43:59', NULL, NULL, 1);
INSERT INTO `XXL_JOB_QRTZ_TRIGGER_INFO`(`id`, `taskId`, `job_group`, `job_cron`, `job_desc`, `add_time`, `update_time`, `author`, `alarm_email`, `executor_route_strategy`, `executor_handler`, `executor_param`, `executor_block_strategy`, `executor_timeout`, `executor_fail_retry_count`, `glue_type`, `glue_source`, `glue_remark`, `glue_updatetime`, `parent_jobid`, `child_jobid`, `status`) VALUES (99103, 99100, 6, '0 40 2 * * ?', '融合算法-LCSS-人人', '2020-12-08 17:43:35', '2020-12-08 17:43:39', 'PCI', NULL, 'RANDOM', 'sparkSubmitJobHandler', '{\"analyzeModel\":{\"env\":{\"shellName\":\"data-algorithm.sh\",\"deployEnvName\":\"ALG_DEPLOY_HOME\"},\"params\":[{\"cnName\":\"sparkdriver内存设置\",\"enName\":\"spark.driver.memory\",\"desc\":\"sparkdriver内存设置\",\"value\":\"2g\"},{\"cnName\":\"关系类别\",\"enName\":\"relType\",\"desc\":\"关系类别,如：imei-imsi,imsi-imsi\",\"value\":\"person-person\"},{\"cnName\":\"数据库名称\",\"enName\":\"dataBaseName\",\"desc\":\"数据库名称\",\"value\":\"default\"},{\"cnName\":\"数据库类型\",\"enName\":\"databaseType\",\"desc\":\"数据库类型\",\"value\":\"hive\"}],\"isTag\":1,\"tagInfo\":[],\"mainClass\":\"com.suntek.algorithm.process.lcss.LCSSHandler\",\"modelId\":8,\"modelName\":\"lcss\",\"stepId\":99103,\"taskId\":99100,\"descInfo\":\"\"},\"batchId\":0}', NULL, 0, 0, 'BEAN', NULL, NULL, '2020-12-08 17:43:59', NULL, NULL, 1);
INSERT INTO `XXL_JOB_QRTZ_TRIGGER_INFO`(`id`, `taskId`, `job_group`, `job_cron`, `job_desc`, `add_time`, `update_time`, `author`, `alarm_email`, `executor_route_strategy`, `executor_handler`, `executor_param`, `executor_block_strategy`, `executor_timeout`, `executor_fail_retry_count`, `glue_type`, `glue_source`, `glue_remark`, `glue_updatetime`, `parent_jobid`, `child_jobid`, `status`) VALUES (99104, 99100, 6, '0 40 3 * * ?', '融合算法-LCSS-人IMSI', '2020-12-08 17:43:35', '2020-12-08 17:43:39', 'PCI', NULL, 'RANDOM', 'sparkSubmitJobHandler', '{\"analyzeModel\":{\"env\":{\"shellName\":\"data-algorithm.sh\",\"deployEnvName\":\"ALG_DEPLOY_HOME\"},\"params\":[{\"cnName\":\"sparkdriver内存设置\",\"enName\":\"spark.driver.memory\",\"desc\":\"sparkdriver内存设置\",\"value\":\"2g\"},{\"cnName\":\"关系类别\",\"enName\":\"relType\",\"desc\":\"关系类别,如：imei-imsi,imsi-imsi\",\"value\":\"person-imsi\"},{\"cnName\":\"数据库名称\",\"enName\":\"dataBaseName\",\"desc\":\"数据库名称\",\"value\":\"default\"},{\"cnName\":\"数据库类型\",\"enName\":\"databaseType\",\"desc\":\"数据库类型\",\"value\":\"hive\"}],\"isTag\":1,\"tagInfo\":[],\"mainClass\":\"com.suntek.algorithm.process.lcss.LCSSHandler\",\"modelId\":8,\"modelName\":\"lcss\",\"stepId\":99104,\"taskId\":99100,\"descInfo\":\"\"},\"batchId\":0}', NULL, 0, 0, 'BEAN', NULL, NULL, '2020-12-08 17:43:59', NULL, NULL, 1);
INSERT INTO `XXL_JOB_QRTZ_TRIGGER_INFO`(`id`, `taskId`, `job_group`, `job_cron`, `job_desc`, `add_time`, `update_time`, `author`, `alarm_email`, `executor_route_strategy`, `executor_handler`, `executor_param`, `executor_block_strategy`, `executor_timeout`, `executor_fail_retry_count`, `glue_type`, `glue_source`, `glue_remark`, `glue_updatetime`, `parent_jobid`, `child_jobid`, `status`) VALUES (99105, 99100, 6, '0 40 4 * * ?', '融合算法-LCSS-IMSI-IMSI', '2020-12-08 17:43:35', '2020-12-08 17:43:39', 'PCI', NULL, 'RANDOM', 'sparkSubmitJobHandler', '{\"analyzeModel\":{\"env\":{\"shellName\":\"data-algorithm.sh\",\"deployEnvName\":\"ALG_DEPLOY_HOME\"},\"params\":[{\"cnName\":\"sparkdriver内存设置\",\"enName\":\"spark.driver.memory\",\"desc\":\"sparkdriver内存设置\",\"value\":\"5g\"},{\"cnName\":\"关系类别\",\"enName\":\"relType\",\"desc\":\"关系类别,如：imei-imsi,imsi-imsi\",\"value\":\"imsi-imsi\"},{\"cnName\":\"数据库名称\",\"enName\":\"dataBaseName\",\"desc\":\"数据库名称\",\"value\":\"default\"},{\"cnName\":\"数据库类型\",\"enName\":\"databaseType\",\"desc\":\"数据库类型\",\"value\":\"hive\"}],\"isTag\":1,\"tagInfo\":[],\"mainClass\":\"com.suntek.algorithm.process.lcss.LCSSHandler\",\"modelId\":8,\"modelName\":\"lcss\",\"stepId\":99105,\"taskId\":99100,\"descInfo\":\"\"},\"batchId\":0}', NULL, 0, 0, 'BEAN', NULL, NULL, '2020-12-08 17:43:59', NULL, NULL, 1);
INSERT INTO `XXL_JOB_QRTZ_TRIGGER_INFO`(`id`, `taskId`, `job_group`, `job_cron`, `job_desc`, `add_time`, `update_time`, `author`, `alarm_email`, `executor_route_strategy`, `executor_handler`, `executor_param`, `executor_block_strategy`, `executor_timeout`, `executor_fail_retry_count`, `glue_type`, `glue_source`, `glue_remark`, `glue_updatetime`, `parent_jobid`, `child_jobid`, `status`) VALUES (99106, 99100, 6, '0 50 2 * * ?', '融合算法-LCSS-车MAC', '2020-12-08 17:43:35', '2020-12-08 17:43:39', 'PCI', NULL, 'RANDOM', 'sparkSubmitJobHandler', '{\"analyzeModel\":{\"env\":{\"shellName\":\"data-algorithm.sh\",\"deployEnvName\":\"ALG_DEPLOY_HOME\"},\"params\":[{\"cnName\":\"sparkdriver内存设置\",\"enName\":\"spark.driver.memory\",\"desc\":\"sparkdriver内存设置\",\"value\":\"2g\"},{\"cnName\":\"关系类别\",\"enName\":\"relType\",\"desc\":\"关系类别,如：imei-imsi,imsi-imsi\",\"value\":\"car-mac\"},{\"cnName\":\"数据库名称\",\"enName\":\"dataBaseName\",\"desc\":\"数据库名称\",\"value\":\"default\"},{\"cnName\":\"数据库类型\",\"enName\":\"databaseType\",\"desc\":\"数据库类型\",\"value\":\"hive\"}],\"isTag\":1,\"tagInfo\":[],\"mainClass\":\"com.suntek.algorithm.process.lcss.LCSSHandler\",\"modelId\":8,\"modelName\":\"lcss\",\"stepId\":99106,\"taskId\":99100,\"descInfo\":\"\"},\"batchId\":0}', NULL, 0, 0, 'BEAN', NULL, NULL, '2020-12-08 17:43:59', NULL, NULL, 1);
INSERT INTO `XXL_JOB_QRTZ_TRIGGER_INFO`(`id`, `taskId`, `job_group`, `job_cron`, `job_desc`, `add_time`, `update_time`, `author`, `alarm_email`, `executor_route_strategy`, `executor_handler`, `executor_param`, `executor_block_strategy`, `executor_timeout`, `executor_fail_retry_count`, `glue_type`, `glue_source`, `glue_remark`, `glue_updatetime`, `parent_jobid`, `child_jobid`, `status`) VALUES (99107, 99100, 6, '0 10 2 * * ?', '融合算法-LCSS-车IMEI', '2020-12-08 17:43:35', '2020-12-08 17:43:39', 'PCI', NULL, 'RANDOM', 'sparkSubmitJobHandler', '{\"analyzeModel\":{\"env\":{\"shellName\":\"data-algorithm.sh\",\"deployEnvName\":\"ALG_DEPLOY_HOME\"},\"params\":[{\"cnName\":\"sparkdriver内存设置\",\"enName\":\"spark.driver.memory\",\"desc\":\"sparkdriver内存设置\",\"value\":\"2g\"},{\"cnName\":\"关系类别\",\"enName\":\"relType\",\"desc\":\"关系类别,如：imei-imsi,imsi-imsi\",\"value\":\"car-imei\"},{\"cnName\":\"数据库名称\",\"enName\":\"dataBaseName\",\"desc\":\"数据库名称\",\"value\":\"default\"},{\"cnName\":\"数据库类型\",\"enName\":\"databaseType\",\"desc\":\"数据库类型\",\"value\":\"hive\"}],\"isTag\":1,\"tagInfo\":[],\"mainClass\":\"com.suntek.algorithm.process.lcss.LCSSHandler\",\"modelId\":8,\"modelName\":\"lcss\",\"stepId\":99107,\"taskId\":99100,\"descInfo\":\"\"},\"batchId\":0}', NULL, 0, 0, 'BEAN', NULL, NULL, '2020-12-08 17:43:59', NULL, NULL, 1);
INSERT INTO `XXL_JOB_QRTZ_TRIGGER_INFO`(`id`, `taskId`, `job_group`, `job_cron`, `job_desc`, `add_time`, `update_time`, `author`, `alarm_email`, `executor_route_strategy`, `executor_handler`, `executor_param`, `executor_block_strategy`, `executor_timeout`, `executor_fail_retry_count`, `glue_type`, `glue_source`, `glue_remark`, `glue_updatetime`, `parent_jobid`, `child_jobid`, `status`) VALUES (99108, 99100, 6, '0 10 1 * * ?', '融合算法-LCSS-车手机号', '2020-12-08 17:43:35', '2020-12-08 17:43:39', 'PCI', NULL, 'RANDOM', 'sparkSubmitJobHandler', '{\"analyzeModel\":{\"env\":{\"shellName\":\"data-algorithm.sh\",\"deployEnvName\":\"ALG_DEPLOY_HOME\"},\"params\":[{\"cnName\":\"关系类别\",\"enName\":\"relType\",\"desc\":\"关系类别,如：imei-imsi,imsi-imsi\",\"value\":\"car-phone\"},{\"cnName\":\"数据库名称\",\"enName\":\"dataBaseName\",\"desc\":\"数据库名称\",\"value\":\"default\"},{\"cnName\":\"数据库类型\",\"enName\":\"databaseType\",\"desc\":\"数据库类型\",\"value\":\"hive\"}],\"isTag\":1,\"tagInfo\":[],\"mainClass\":\"com.suntek.algorithm.process.lcss.LCSSHandler\",\"modelId\":8,\"modelName\":\"lcss\",\"stepId\":99108,\"taskId\":99100,\"descInfo\":\"\"},\"batchId\":0}', NULL, 0, 0, 'BEAN', NULL, NULL, '2020-12-08 17:43:59', NULL, NULL, 1);
INSERT INTO `XXL_JOB_QRTZ_TRIGGER_INFO`(`id`, `taskId`, `job_group`, `job_cron`, `job_desc`, `add_time`, `update_time`, `author`, `alarm_email`, `executor_route_strategy`, `executor_handler`, `executor_param`, `executor_block_strategy`, `executor_timeout`, `executor_fail_retry_count`, `glue_type`, `glue_source`, `glue_remark`, `glue_updatetime`, `parent_jobid`, `child_jobid`, `status`) VALUES (99109, 99100, 6, '0 10 3 * * ?', '融合算法-LCSS-人MAC', '2020-12-08 17:43:35', '2020-12-08 17:43:39', 'PCI', NULL, 'RANDOM', 'sparkSubmitJobHandler', '{\"analyzeModel\":{\"env\":{\"shellName\":\"data-algorithm.sh\",\"deployEnvName\":\"ALG_DEPLOY_HOME\"},\"params\":[{\"cnName\":\"关系类别\",\"enName\":\"relType\",\"desc\":\"关系类别,如：imei-imsi,imsi-imsi\",\"value\":\"person-mac\"},{\"cnName\":\"数据库名称\",\"enName\":\"dataBaseName\",\"desc\":\"数据库名称\",\"value\":\"default\"},{\"cnName\":\"数据库类型\",\"enName\":\"databaseType\",\"desc\":\"数据库类型\",\"value\":\"hive\"}],\"isTag\":1,\"tagInfo\":[],\"mainClass\":\"com.suntek.algorithm.process.lcss.LCSSHandler\",\"modelId\":8,\"modelName\":\"lcss\",\"stepId\":99109,\"taskId\":99100,\"descInfo\":\"\"},\"batchId\":0}', NULL, 0, 0, 'BEAN', NULL, NULL, '2020-12-08 17:43:59', NULL, NULL, 1);
INSERT INTO `XXL_JOB_QRTZ_TRIGGER_INFO`(`id`, `taskId`, `job_group`, `job_cron`, `job_desc`, `add_time`, `update_time`, `author`, `alarm_email`, `executor_route_strategy`, `executor_handler`, `executor_param`, `executor_block_strategy`, `executor_timeout`, `executor_fail_retry_count`, `glue_type`, `glue_source`, `glue_remark`, `glue_updatetime`, `parent_jobid`, `child_jobid`, `status`) VALUES (99110, 99100, 6, '0 10 4 * * ?', '融合算法-LCSS-人IMEI', '2020-12-08 17:43:35', '2020-12-08 17:43:39', 'PCI', NULL, 'RANDOM', 'sparkSubmitJobHandler', '{\"analyzeModel\":{\"env\":{\"shellName\":\"data-algorithm.sh\",\"deployEnvName\":\"ALG_DEPLOY_HOME\"},\"params\":[{\"cnName\":\"关系类别\",\"enName\":\"relType\",\"desc\":\"关系类别,如：imei-imsi,imsi-imsi\",\"value\":\"person-imei\"},{\"cnName\":\"数据库名称\",\"enName\":\"dataBaseName\",\"desc\":\"数据库名称\",\"value\":\"default\"},{\"cnName\":\"数据库类型\",\"enName\":\"databaseType\",\"desc\":\"数据库类型\",\"value\":\"hive\"}],\"isTag\":1,\"tagInfo\":[],\"mainClass\":\"com.suntek.algorithm.process.lcss.LCSSHandler\",\"modelId\":8,\"modelName\":\"lcss\",\"stepId\":99110,\"taskId\":99100,\"descInfo\":\"\"},\"batchId\":0}', NULL, 0, 0, 'BEAN', NULL, NULL, '2020-12-08 17:43:59', NULL, NULL, 1);
INSERT INTO `XXL_JOB_QRTZ_TRIGGER_INFO`(`id`, `taskId`, `job_group`, `job_cron`, `job_desc`, `add_time`, `update_time`, `author`, `alarm_email`, `executor_route_strategy`, `executor_handler`, `executor_param`, `executor_block_strategy`, `executor_timeout`, `executor_fail_retry_count`, `glue_type`, `glue_source`, `glue_remark`, `glue_updatetime`, `parent_jobid`, `child_jobid`, `status`) VALUES (99111, 99100, 6, '0 30 2 * * ?', '融合算法-LCSS-人手机号', '2020-12-08 17:43:35', '2020-12-08 17:43:39', 'PCI', NULL, 'RANDOM', 'sparkSubmitJobHandler', '{\"analyzeModel\":{\"env\":{\"shellName\":\"data-algorithm.sh\",\"deployEnvName\":\"ALG_DEPLOY_HOME\"},\"params\":[{\"cnName\":\"关系类别\",\"enName\":\"relType\",\"desc\":\"关系类别,如：imei-imsi,imsi-imsi\",\"value\":\"person-phone\"},{\"cnName\":\"数据库名称\",\"enName\":\"dataBaseName\",\"desc\":\"数据库名称\",\"value\":\"default\"},{\"cnName\":\"数据库类型\",\"enName\":\"databaseType\",\"desc\":\"数据库类型\",\"value\":\"hive\"}],\"isTag\":1,\"tagInfo\":[],\"mainClass\":\"com.suntek.algorithm.process.lcss.LCSSHandler\",\"modelId\":8,\"modelName\":\"lcss\",\"stepId\":99111,\"taskId\":99100,\"descInfo\":\"\"},\"batchId\":0}', NULL, 0, 0, 'BEAN', NULL, NULL, '2020-12-08 17:43:59', NULL, NULL, 1);
INSERT INTO `XXL_JOB_QRTZ_TRIGGER_INFO`(`id`, `taskId`, `job_group`, `job_cron`, `job_desc`, `add_time`, `update_time`, `author`, `alarm_email`, `executor_route_strategy`, `executor_handler`, `executor_param`, `executor_block_strategy`, `executor_timeout`, `executor_fail_retry_count`, `glue_type`, `glue_source`, `glue_remark`, `glue_updatetime`, `parent_jobid`, `child_jobid`, `status`) VALUES (99112, 99100, 6, '0 30 3 * * ?', '融合算法-LCSS-手机号手机号', '2020-12-08 17:43:35', '2020-12-08 17:43:39', 'PCI', NULL, 'RANDOM', 'sparkSubmitJobHandler', '{\"analyzeModel\":{\"env\":{\"shellName\":\"data-algorithm.sh\",\"deployEnvName\":\"ALG_DEPLOY_HOME\"},\"params\":[{\"cnName\":\"关系类别\",\"enName\":\"relType\",\"desc\":\"关系类别,如：imei-imsi,imsi-imsi\",\"value\":\"phone-phone\"},{\"cnName\":\"数据库名称\",\"enName\":\"dataBaseName\",\"desc\":\"数据库名称\",\"value\":\"default\"},{\"cnName\":\"数据库类型\",\"enName\":\"databaseType\",\"desc\":\"数据库类型\",\"value\":\"hive\"}],\"isTag\":1,\"tagInfo\":[],\"mainClass\":\"com.suntek.algorithm.process.lcss.LCSSHandler\",\"modelId\":8,\"modelName\":\"lcss\",\"stepId\":99112,\"taskId\":99100,\"descInfo\":\"\"},\"batchId\":0}', NULL, 0, 0, 'BEAN', NULL, NULL, '2020-12-08 17:43:59', NULL, NULL, 1);
INSERT INTO `XXL_JOB_QRTZ_TRIGGER_INFO`(`id`, `taskId`, `job_group`, `job_cron`, `job_desc`, `add_time`, `update_time`, `author`, `alarm_email`, `executor_route_strategy`, `executor_handler`, `executor_param`, `executor_block_strategy`, `executor_timeout`, `executor_fail_retry_count`, `glue_type`, `glue_source`, `glue_remark`, `glue_updatetime`, `parent_jobid`, `child_jobid`, `status`) VALUES (99113, 99100, 6, '0 30 4 * * ?', '融合算法-LCSS-IMEIIMEI', '2020-12-08 17:43:35', '2020-12-08 17:43:39', 'PCI', NULL, 'RANDOM', 'sparkSubmitJobHandler', '{\"analyzeModel\":{\"env\":{\"shellName\":\"data-algorithm.sh\",\"deployEnvName\":\"ALG_DEPLOY_HOME\"},\"params\":[{\"cnName\":\"关系类别\",\"enName\":\"relType\",\"desc\":\"关系类别,如：imei-imsi,imsi-imsi\",\"value\":\"imei-imei\"},{\"cnName\":\"数据库名称\",\"enName\":\"dataBaseName\",\"desc\":\"数据库名称\",\"value\":\"default\"},{\"cnName\":\"数据库类型\",\"enName\":\"databaseType\",\"desc\":\"数据库类型\",\"value\":\"hive\"}],\"isTag\":1,\"tagInfo\":[],\"mainClass\":\"com.suntek.algorithm.process.lcss.LCSSHandler\",\"modelId\":8,\"modelName\":\"lcss\",\"stepId\":99113,\"taskId\":99100,\"descInfo\":\"\"},\"batchId\":0}', NULL, 0, 0, 'BEAN', NULL, NULL, '2020-12-08 17:43:59', NULL, NULL, 1);
INSERT INTO `XXL_JOB_QRTZ_TRIGGER_INFO`(`id`, `taskId`, `job_group`, `job_cron`, `job_desc`, `add_time`, `update_time`, `author`, `alarm_email`, `executor_route_strategy`, `executor_handler`, `executor_param`, `executor_block_strategy`, `executor_timeout`, `executor_fail_retry_count`, `glue_type`, `glue_source`, `glue_remark`, `glue_updatetime`, `parent_jobid`, `child_jobid`, `status`) VALUES (99114, 99100, 6, '0 30 1 * * ?', '融合算法-LCSS-MACMAC', '2020-12-08 17:43:35', '2020-12-08 17:43:39', 'PCI', NULL, 'RANDOM', 'sparkSubmitJobHandler', '{\"analyzeModel\":{\"env\":{\"shellName\":\"data-algorithm.sh\",\"deployEnvName\":\"ALG_DEPLOY_HOME\"},\"params\":[{\"cnName\":\"关系类别\",\"enName\":\"relType\",\"desc\":\"关系类别,如：imei-imsi,imsi-imsi\",\"value\":\"mac-mac\"},{\"cnName\":\"数据库名称\",\"enName\":\"dataBaseName\",\"desc\":\"数据库名称\",\"value\":\"default\"},{\"cnName\":\"数据库类型\",\"enName\":\"databaseType\",\"desc\":\"数据库类型\",\"value\":\"hive\"}],\"isTag\":1,\"tagInfo\":[],\"mainClass\":\"com.suntek.algorithm.process.lcss.LCSSHandler\",\"modelId\":8,\"modelName\":\"lcss\",\"stepId\":99114,\"taskId\":99100,\"descInfo\":\"\"},\"batchId\":0}', NULL, 0, 0, 'BEAN', NULL, NULL, '2020-12-08 17:43:59', NULL, NULL, 1);
INSERT INTO `XXL_JOB_QRTZ_TRIGGER_INFO`(`id`, `taskId`, `job_group`, `job_cron`, `job_desc`, `add_time`, `update_time`, `author`, `alarm_email`, `executor_route_strategy`, `executor_handler`, `executor_param`, `executor_block_strategy`, `executor_timeout`, `executor_fail_retry_count`, `glue_type`, `glue_source`, `glue_remark`, `glue_updatetime`, `parent_jobid`, `child_jobid`, `status`) VALUES (99200, 99200, 6, '0 15 03 * * ?', '熵值法特征数据处理', '2020-12-08 17:43:35', '2020-12-08 17:43:39', 'PCI', NULL, 'RANDOM', 'sparkSubmitJobHandler', '{\"analyzeModel\":{\"env\":{\"shellName\":\"data-algorithm.sh\",\"deployEnvName\":\"ALG_DEPLOY_HOME\"},\"params\":[{\"cnName\":\"关系类别\",\"enName\":\"relType\",\"desc\":\"关系类别,如：imei-imsi,imsi-imsi\",\"value\":\"objecta-objectb\"},{\"cnName\":\"数据库名称\",\"enName\":\"dataBaseName\",\"desc\":\"数据库名称\",\"value\":\"default\"},{\"cnName\":\"数据库类型\",\"enName\":\"databaseType\",\"desc\":\"数据库类型\",\"value\":\"hive\"}],\"isTag\":1,\"tagInfo\":[],\"mainClass\":\"com.suntek.algorithm.process.entropy.FeatureDataHandler\",\"modelId\":8,\"modelName\":\"熵值法特征数据处理\",\"stepId\":99200,\"taskId\":99200,\"descInfo\":\"\"},\"batchId\":0}', NULL, 0, 0, 'BEAN', NULL, NULL, '2020-12-08 17:43:59', NULL, NULL, 0);
INSERT INTO `XXL_JOB_QRTZ_TRIGGER_INFO`(`id`, `taskId`, `job_group`, `job_cron`, `job_desc`, `add_time`, `update_time`, `author`, `alarm_email`, `executor_route_strategy`, `executor_handler`, `executor_param`, `executor_block_strategy`, `executor_timeout`, `executor_fail_retry_count`, `glue_type`, `glue_source`, `glue_remark`, `glue_updatetime`, `parent_jobid`, `child_jobid`, `status`) VALUES (99201, 99200, 6, '0 51 02 * * ?', '融合算法-熵值法-车车', '2020-12-08 17:43:35', '2020-12-08 17:43:39', 'PCI', NULL, 'RANDOM', 'sparkSubmitJobHandler', '{\"analyzeModel\":{\"env\":{\"shellName\":\"data-algorithm.sh\",\"deployEnvName\":\"ALG_DEPLOY_HOME\"},\"params\":[{\"cnName\":\"依赖父id\",\"enName\":\"parentStepId\",\"desc\":\"依赖父id,逗号分隔\",\"value\":\"99200\"},{\"cnName\":\"关系类别\",\"enName\":\"relType\",\"desc\":\"关系类别,如：imei-imsi,imsi-imsi\",\"value\":\"car-car\"},{\"cnName\":\"数据库名称\",\"enName\":\"dataBaseName\",\"desc\":\"数据库名称\",\"value\":\"default\"},{\"cnName\":\"数据库类型\",\"enName\":\"databaseType\",\"desc\":\"数据库类型\",\"value\":\"hive\"}],\"isTag\":1,\"tagInfo\":[],\"mainClass\":\"com.suntek.algorithm.process.entropy.EntropyHandler\",\"modelId\":8,\"modelName\":\"熵值法:car-car\",\"stepId\":99201,\"taskId\":99200,\"descInfo\":\"\"},\"batchId\":0}', NULL, 0, 0, 'BEAN', NULL, NULL, '2020-12-08 17:43:59', '99200', NULL, 0);
INSERT INTO `XXL_JOB_QRTZ_TRIGGER_INFO`(`id`, `taskId`, `job_group`, `job_cron`, `job_desc`, `add_time`, `update_time`, `author`, `alarm_email`, `executor_route_strategy`, `executor_handler`, `executor_param`, `executor_block_strategy`, `executor_timeout`, `executor_fail_retry_count`, `glue_type`, `glue_source`, `glue_remark`, `glue_updatetime`, `parent_jobid`, `child_jobid`, `status`) VALUES (99202, 99200, 6, '0 40 02 * * ?', '融合算法-熵值法-车IMSI', '2020-12-08 17:43:35', '2020-12-08 17:43:39', 'PCI', NULL, 'RANDOM', 'sparkSubmitJobHandler', '{\"analyzeModel\":{\"env\":{\"shellName\":\"data-algorithm.sh\",\"deployEnvName\":\"ALG_DEPLOY_HOME\"},\"params\":[{\"cnName\":\"依赖父id\",\"enName\":\"parentStepId\",\"desc\":\"依赖父id,逗号分隔\",\"value\":\"99200\"},{\"cnName\":\"关系类别\",\"enName\":\"relType\",\"desc\":\"关系类别,如：imei-imsi,imsi-imsi\",\"value\":\"car-imsi\"},{\"cnName\":\"数据库名称\",\"enName\":\"dataBaseName\",\"desc\":\"数据库名称\",\"value\":\"default\"},{\"cnName\":\"数据库类型\",\"enName\":\"databaseType\",\"desc\":\"数据库类型\",\"value\":\"hive\"}],\"isTag\":1,\"tagInfo\":[],\"mainClass\":\"com.suntek.algorithm.process.entropy.EntropyHandler\",\"modelId\":8,\"modelName\":\"熵值法:car-imsi\",\"stepId\":99202,\"taskId\":99200,\"descInfo\":\"\"},\"batchId\":0}', NULL, 0, 0, 'BEAN', NULL, NULL, '2020-12-08 17:43:59', '99200', NULL, 0);
INSERT INTO `XXL_JOB_QRTZ_TRIGGER_INFO`(`id`, `taskId`, `job_group`, `job_cron`, `job_desc`, `add_time`, `update_time`, `author`, `alarm_email`, `executor_route_strategy`, `executor_handler`, `executor_param`, `executor_block_strategy`, `executor_timeout`, `executor_fail_retry_count`, `glue_type`, `glue_source`, `glue_remark`, `glue_updatetime`, `parent_jobid`, `child_jobid`, `status`) VALUES (99203, 99200, 6, '0 40 03 * * ?', '融合算法-熵值法-车MAC', '2020-12-08 17:43:35', '2020-12-08 17:43:39', 'PCI', NULL, 'RANDOM', 'sparkSubmitJobHandler', '{\"analyzeModel\":{\"env\":{\"shellName\":\"data-algorithm.sh\",\"deployEnvName\":\"ALG_DEPLOY_HOME\"},\"params\":[{\"cnName\":\"依赖父id\",\"enName\":\"parentStepId\",\"desc\":\"依赖父id,逗号分隔\",\"value\":\"99200\"},{\"cnName\":\"关系类别\",\"enName\":\"relType\",\"desc\":\"关系类别,如：imei-imsi,imsi-imsi\",\"value\":\"car-mac\"},{\"cnName\":\"数据库名称\",\"enName\":\"dataBaseName\",\"desc\":\"数据库名称\",\"value\":\"default\"},{\"cnName\":\"数据库类型\",\"enName\":\"databaseType\",\"desc\":\"数据库类型\",\"value\":\"hive\"}],\"isTag\":1,\"tagInfo\":[],\"mainClass\":\"com.suntek.algorithm.process.entropy.EntropyHandler\",\"modelId\":8,\"modelName\":\"熵值法:car-mac\",\"stepId\":99203,\"taskId\":99200,\"descInfo\":\"\"},\"batchId\":0}', NULL, 0, 0, 'BEAN', NULL, NULL, '2020-12-08 17:43:59', '99200', NULL, 0);
INSERT INTO `XXL_JOB_QRTZ_TRIGGER_INFO`(`id`, `taskId`, `job_group`, `job_cron`, `job_desc`, `add_time`, `update_time`, `author`, `alarm_email`, `executor_route_strategy`, `executor_handler`, `executor_param`, `executor_block_strategy`, `executor_timeout`, `executor_fail_retry_count`, `glue_type`, `glue_source`, `glue_remark`, `glue_updatetime`, `parent_jobid`, `child_jobid`, `status`) VALUES (99204, 99200, 6, '0 40 04 * * ?', '融合算法-熵值法-车手机号', '2020-12-08 17:43:35', '2020-12-08 17:43:39', 'PCI', NULL, 'RANDOM', 'sparkSubmitJobHandler', '{\"analyzeModel\":{\"env\":{\"shellName\":\"data-algorithm.sh\",\"deployEnvName\":\"ALG_DEPLOY_HOME\"},\"params\":[{\"cnName\":\"依赖父id\",\"enName\":\"parentStepId\",\"desc\":\"依赖父id,逗号分隔\",\"value\":\"99200\"},{\"cnName\":\"关系类别\",\"enName\":\"relType\",\"desc\":\"关系类别,如：imei-imsi,imsi-imsi\",\"value\":\"car-phone\"},{\"cnName\":\"数据库名称\",\"enName\":\"dataBaseName\",\"desc\":\"数据库名称\",\"value\":\"default\"},{\"cnName\":\"数据库类型\",\"enName\":\"databaseType\",\"desc\":\"数据库类型\",\"value\":\"hive\"}],\"isTag\":1,\"tagInfo\":[],\"mainClass\":\"com.suntek.algorithm.process.entropy.EntropyHandler\",\"modelId\":8,\"modelName\":\"熵值法:car-phone\",\"stepId\":99204,\"taskId\":99200,\"descInfo\":\"\"},\"batchId\":0}', NULL, 0, 0, 'BEAN', NULL, NULL, '2020-12-08 17:43:59', '99200', NULL, 0);
INSERT INTO `XXL_JOB_QRTZ_TRIGGER_INFO`(`id`, `taskId`, `job_group`, `job_cron`, `job_desc`, `add_time`, `update_time`, `author`, `alarm_email`, `executor_route_strategy`, `executor_handler`, `executor_param`, `executor_block_strategy`, `executor_timeout`, `executor_fail_retry_count`, `glue_type`, `glue_source`, `glue_remark`, `glue_updatetime`, `parent_jobid`, `child_jobid`, `status`) VALUES (99205, 99200, 6, '0 40 05 * * ?', '融合算法-熵值法-车IMEI', '2020-12-08 17:43:35', '2020-12-08 17:43:39', 'PCI', NULL, 'RANDOM', 'sparkSubmitJobHandler', '{\"analyzeModel\":{\"env\":{\"shellName\":\"data-algorithm.sh\",\"deployEnvName\":\"ALG_DEPLOY_HOME\"},\"params\":[{\"cnName\":\"依赖父id\",\"enName\":\"parentStepId\",\"desc\":\"依赖父id,逗号分隔\",\"value\":\"99200\"},{\"cnName\":\"关系类别\",\"enName\":\"relType\",\"desc\":\"关系类别,如：imei-imsi,imsi-imsi\",\"value\":\"car-imei\"},{\"cnName\":\"数据库名称\",\"enName\":\"dataBaseName\",\"desc\":\"数据库名称\",\"value\":\"default\"},{\"cnName\":\"数据库类型\",\"enName\":\"databaseType\",\"desc\":\"数据库类型\",\"value\":\"hive\"}],\"isTag\":1,\"tagInfo\":[],\"mainClass\":\"com.suntek.algorithm.process.entropy.EntropyHandler\",\"modelId\":8,\"modelName\":\"熵值法:car-imei\",\"stepId\":99205,\"taskId\":99200,\"batchId\":0,\"descInfo\":\"\"},\"batchId\":0}', NULL, 0, 0, 'BEAN', NULL, NULL, '2020-12-08 17:43:59', '99200', NULL, 0);
INSERT INTO `XXL_JOB_QRTZ_TRIGGER_INFO`(`id`, `taskId`, `job_group`, `job_cron`, `job_desc`, `add_time`, `update_time`, `author`, `alarm_email`, `executor_route_strategy`, `executor_handler`, `executor_param`, `executor_block_strategy`, `executor_timeout`, `executor_fail_retry_count`, `glue_type`, `glue_source`, `glue_remark`, `glue_updatetime`, `parent_jobid`, `child_jobid`, `status`) VALUES (99206, 99200, 6, '0 20 01 * * ?', '融合算法-熵值法-IMSIIMSI', '2020-12-08 17:43:35', '2020-12-08 17:43:39', 'PCI', NULL, 'RANDOM', 'sparkSubmitJobHandler', '{\"analyzeModel\":{\"env\":{\"shellName\":\"data-algorithm.sh\",\"deployEnvName\":\"ALG_DEPLOY_HOME\"},\"params\":[{\"cnName\":\"依赖父id\",\"enName\":\"parentStepId\",\"desc\":\"依赖父id,逗号分隔\",\"value\":\"99200\"},{\"cnName\":\"关系类别\",\"enName\":\"relType\",\"desc\":\"关系类别,如：imei-imsi,imsi-imsi\",\"value\":\"imsi-imsi\"},{\"cnName\":\"数据库名称\",\"enName\":\"dataBaseName\",\"desc\":\"数据库名称\",\"value\":\"default\"},{\"cnName\":\"数据库类型\",\"enName\":\"databaseType\",\"desc\":\"数据库类型\",\"value\":\"hive\"}],\"isTag\":1,\"tagInfo\":[],\"mainClass\":\"com.suntek.algorithm.process.entropy.EntropyHandler\",\"modelId\":8,\"modelName\":\"熵值法:imsi-imsi\",\"stepId\":99206,\"taskId\":99200,\"descInfo\":\"\"},\"batchId\":0}', NULL, 0, 0, 'BEAN', NULL, NULL, '2020-12-08 17:43:59', '99200', NULL, 0);
INSERT INTO `XXL_JOB_QRTZ_TRIGGER_INFO`(`id`, `taskId`, `job_group`, `job_cron`, `job_desc`, `add_time`, `update_time`, `author`, `alarm_email`, `executor_route_strategy`, `executor_handler`, `executor_param`, `executor_block_strategy`, `executor_timeout`, `executor_fail_retry_count`, `glue_type`, `glue_source`, `glue_remark`, `glue_updatetime`, `parent_jobid`, `child_jobid`, `status`) VALUES (99207, 99200, 6, '0 20 02 * * ?', '融合算法-熵值法-IMEIIMEI', '2020-12-08 17:43:35', '2020-12-08 17:43:39', 'PCI', NULL, 'RANDOM', 'sparkSubmitJobHandler', '{\"analyzeModel\":{\"env\":{\"shellName\":\"data-algorithm.sh\",\"deployEnvName\":\"ALG_DEPLOY_HOME\"},\"params\":[{\"cnName\":\"依赖父id\",\"enName\":\"parentStepId\",\"desc\":\"依赖父id,逗号分隔\",\"value\":\"99200\"},{\"cnName\":\"关系类别\",\"enName\":\"relType\",\"desc\":\"关系类别,如：imei-imsi,imsi-imsi\",\"value\":\"imei-imei\"},{\"cnName\":\"数据库名称\",\"enName\":\"dataBaseName\",\"desc\":\"数据库名称\",\"value\":\"default\"},{\"cnName\":\"数据库类型\",\"enName\":\"databaseType\",\"desc\":\"数据库类型\",\"value\":\"hive\"}],\"isTag\":1,\"tagInfo\":[],\"mainClass\":\"com.suntek.algorithm.process.entropy.EntropyHandler\",\"modelId\":8,\"modelName\":\"熵值法:imei-imei\",\"stepId\":99207,\"taskId\":99200,\"descInfo\":\"\"},\"batchId\":0}', NULL, 0, 0, 'BEAN', NULL, NULL, '2020-12-08 17:43:59', '99200', NULL, 0);
INSERT INTO `XXL_JOB_QRTZ_TRIGGER_INFO`(`id`, `taskId`, `job_group`, `job_cron`, `job_desc`, `add_time`, `update_time`, `author`, `alarm_email`, `executor_route_strategy`, `executor_handler`, `executor_param`, `executor_block_strategy`, `executor_timeout`, `executor_fail_retry_count`, `glue_type`, `glue_source`, `glue_remark`, `glue_updatetime`, `parent_jobid`, `child_jobid`, `status`) VALUES (99208, 99200, 6, '0 20 03 * * ?', '融合算法-熵值法-MACMAC', '2020-12-08 17:43:35', '2020-12-08 17:43:39', 'PCI', NULL, 'RANDOM', 'sparkSubmitJobHandler', '{\"analyzeModel\":{\"env\":{\"shellName\":\"data-algorithm.sh\",\"deployEnvName\":\"ALG_DEPLOY_HOME\"},\"params\":[{\"cnName\":\"依赖父id\",\"enName\":\"parentStepId\",\"desc\":\"依赖父id,逗号分隔\",\"value\":\"99200\"},{\"cnName\":\"关系类别\",\"enName\":\"relType\",\"desc\":\"关系类别,如：imei-imsi,imsi-imsi\",\"value\":\"mac-mac\"},{\"cnName\":\"数据库名称\",\"enName\":\"dataBaseName\",\"desc\":\"数据库名称\",\"value\":\"default\"},{\"cnName\":\"数据库类型\",\"enName\":\"databaseType\",\"desc\":\"数据库类型\",\"value\":\"hive\"}],\"isTag\":1,\"tagInfo\":[],\"mainClass\":\"com.suntek.algorithm.process.entropy.EntropyHandler\",\"modelId\":8,\"modelName\":\"熵值法:mac-mac\",\"stepId\":99208,\"taskId\":99200,\"descInfo\":\"\"},\"batchId\":0}', NULL, 0, 0, 'BEAN', NULL, NULL, '2020-12-08 17:43:59', '99200', NULL, 0);
INSERT INTO `XXL_JOB_QRTZ_TRIGGER_INFO`(`id`, `taskId`, `job_group`, `job_cron`, `job_desc`, `add_time`, `update_time`, `author`, `alarm_email`, `executor_route_strategy`, `executor_handler`, `executor_param`, `executor_block_strategy`, `executor_timeout`, `executor_fail_retry_count`, `glue_type`, `glue_source`, `glue_remark`, `glue_updatetime`, `parent_jobid`, `child_jobid`, `status`) VALUES (99300, 99300, 6, '0 00 04 * * ?', '融合算法-按场所伴随-同上网', '2020-12-08 17:43:35', '2020-12-08 17:43:39', 'PCI', NULL, 'RANDOM', 'sparkSubmitJobHandler', '{\"analyzeModel\":{\"env\":{\"shellName\":\"data-algorithm.sh\",\"deployEnvName\":\"ALG_DEPLOY_HOME\"},\"params\":[{\"cnName\":\"\",\"enName\":\"spark.executor.memory\",\"desc\":\"\",\"value\":\"8g\"},{\"cnName\":\"\",\"enName\":\"spark.port.maxRetries\",\"desc\":\"\",\"value\":\"500\"},{\"cnName\":\"\",\"enName\":\"spark.default.parallelism\",\"desc\":\"\",\"value\":\"96\"},{\"cnName\":\"\",\"enName\":\"spark.driver.memory\",\"desc\":\"\",\"value\":\"1g\"},{\"cnName\":\"\",\"enName\":\"spark.executor.cores\",\"desc\":\"\",\"value\":\"7\"},{\"cnName\":\"碰撞时间分片\",\"enName\":\"secondsSeriesThreshold\",\"desc\":\"碰撞时间分片，单位秒\",\"value\":\"60\"},{\"cnName\":\"时间压缩间隔\",\"enName\":\"timeSeriesThreshold\",\"desc\":\"碰撞时间分片，单位秒\",\"value\":\"10\"},{\"cnName\":\"数据库名称\",\"enName\":\"dataBaseName\",\"desc\":\"数据库名称\",\"value\":\"default\"},{\"cnName\":\"数据库类型\",\"enName\":\"databaseType\",\"desc\":\"数据库类型\",\"value\":\"hive\"},{\"cnName\":\"数据时间范围\",\"enName\":\"prevHourNums\",\"desc\":\"获取多长时间的数据，单位是小时\",\"value\":\"24\"},{\"cnName\":\"数据来源\",\"enName\":\"dataSource\",\"desc\":\"数据来源\",\"value\":\"5\"},{\"cnName\":\"分片对象阙值\",\"enName\":\"seriesCount\",\"desc\":\"分片对象阙值\",\"value\":\"60\"},{\"cnName\":\"伴随分析场所类型\",\"enName\":\"svType\",\"desc\":\"伴随分析场所类型(TSWTZ)\",\"value\":\"TSW\"},{\"cnName\":\"保存数据分区数\",\"enName\":\"numPartitions\",\"desc\":\"保存数据分区数\",\"value\":\"30\"},{\"cnName\":\"同一分片内关联对象数\",\"enName\":\"maxAssembleTotal\",\"desc\":\"同一分片内关联对象数\",\"value\":\"30\"},{\"cnName\":\"周期天数\",\"enName\":\"aggDays\",\"desc\":\"周期天数\",\"value\":\"7\"},{\"cnName\":\"关系类别\",\"enName\":\"relType\",\"desc\":\"关系类别,如：imei-imsi,imsi-imsi\",\"value\":\"person-person\"},{\"cnName\":\"最小支持度\",\"enName\":\"minSupport\",\"desc\":\"最小支持度\",\"value\":\"0.1\"},{\"cnName\":\"最小支持次数\",\"enName\":\"minCount\",\"desc\":\"最小支持次数\",\"value\":\"1\"}],\"isTag\":1,\"tagInfo\":[],\"mainClass\":\"com.suntek.algorithm.process.accompany.SvAccompanyHandler\",\"modelId\":8,\"modelName\":\"融合算法-按场所伴随-同上网\",\"stepId\":99300,\"taskId\":99300,\"descInfo\":\"\"},\"batchId\":0}', NULL, 0, 0, 'BEAN', NULL, NULL, '2020-12-08 17:43:59', NULL, NULL, 1);
INSERT INTO `XXL_JOB_QRTZ_TRIGGER_INFO`(`id`, `taskId`, `job_group`, `job_cron`, `job_desc`, `add_time`, `update_time`, `author`, `alarm_email`, `executor_route_strategy`, `executor_handler`, `executor_param`, `executor_block_strategy`, `executor_timeout`, `executor_fail_retry_count`, `glue_type`, `glue_source`, `glue_remark`, `glue_updatetime`, `parent_jobid`, `child_jobid`, `status`) VALUES (99301, 99300, 6, '0 20 04 * * ?', '融合算法-按场所伴随分析-同住', '2020-12-08 17:43:35', '2020-12-08 17:43:39', 'PCI', NULL, 'RANDOM', 'sparkSubmitJobHandler', '{\"analyzeModel\":{\"env\":{\"shellName\":\"data-algorithm.sh\",\"deployEnvName\":\"ALG_DEPLOY_HOME\"},\"params\":[{\"cnName\":\"\",\"enName\":\"spark.executor.memory\",\"desc\":\"\",\"value\":\"12g\"},{\"cnName\":\"\",\"enName\":\"spark.port.maxRetries\",\"desc\":\"\",\"value\":\"500\"},{\"cnName\":\"\",\"enName\":\"spark.default.parallelism\",\"desc\":\"\",\"value\":\"96\"},{\"cnName\":\"\",\"enName\":\"spark.driver.memory\",\"desc\":\"\",\"value\":\"2g\"},{\"cnName\":\"\",\"enName\":\"spark.executor.cores\",\"desc\":\"\",\"value\":\"7\"},{\"cnName\":\"碰撞时间分片\",\"enName\":\"secondsSeriesThreshold\",\"desc\":\"碰撞时间分片，单位秒\",\"value\":\"60\"},{\"cnName\":\"时间压缩间隔\",\"enName\":\"timeSeriesThreshold\",\"desc\":\"碰撞时间分片，单位秒\",\"value\":\"10\"},{\"cnName\":\"数据库名称\",\"enName\":\"dataBaseName\",\"desc\":\"数据库名称\",\"value\":\"default\"},{\"cnName\":\"数据库类型\",\"enName\":\"databaseType\",\"desc\":\"数据库类型\",\"value\":\"hive\"},{\"cnName\":\"数据时间范围\",\"enName\":\"prevHourNums\",\"desc\":\"获取多长时间的数据，单位是小时\",\"value\":\"24\"},{\"cnName\":\"数据来源\",\"enName\":\"dataSource\",\"desc\":\"数据来源\",\"value\":\"4\"},{\"cnName\":\"分片对象阙值\",\"enName\":\"seriesCount\",\"desc\":\"分片对象阙值\",\"value\":\"200\"},{\"cnName\":\"伴随分析场所类型\",\"enName\":\"svType\",\"desc\":\"伴随分析场所类型(TSWTZ)\",\"value\":\"TZ\"},{\"cnName\":\"保存数据分区数\",\"enName\":\"numPartitions\",\"desc\":\"保存数据分区数\",\"value\":\"30\"},{\"cnName\":\"同一分片内关联对象数\",\"enName\":\"maxAssembleTotal\",\"desc\":\"同一分片内关联对象数\",\"value\":\"30\"},{\"cnName\":\"周期天数\",\"enName\":\"aggDays\",\"desc\":\"周期天数\",\"value\":\"7\"},{\"cnName\":\"关系类别\",\"enName\":\"relType\",\"desc\":\"关系类别,如：imei-imsi,imsi-imsi\",\"value\":\"person-person\"},{\"cnName\":\"最小支持度\",\"enName\":\"minSupport\",\"desc\":\"最小支持度\",\"value\":\"0.1\"},{\"cnName\":\"最小支持次数\",\"enName\":\"minCount\",\"desc\":\"最小支持次数\",\"value\":\"1\"}],\"isTag\":1,\"tagInfo\":[],\"mainClass\":\"com.suntek.algorithm.process.accompany.SvAccompanyHandler\",\"modelId\":8,\"modelName\":\"融合算法-按场所伴随分析-同住\",\"stepId\":99301,\"taskId\":99300,\"descInfo\":\"\"},\"batchId\":0}', NULL, 0, 0, 'BEAN', NULL, NULL, '2020-12-08 17:43:59', NULL, NULL, 1);
INSERT INTO `XXL_JOB_QRTZ_TRIGGER_INFO`(`id`, `taskId`, `job_group`, `job_cron`, `job_desc`, `add_time`, `update_time`, `author`, `alarm_email`, `executor_route_strategy`, `executor_handler`, `executor_param`, `executor_block_strategy`, `executor_timeout`, `executor_fail_retry_count`, `glue_type`, `glue_source`, `glue_remark`, `glue_updatetime`, `parent_jobid`, `child_jobid`, `status`) VALUES (99302, 99302, 6, '0 00 09 * * ?', '模型融合分析-分析结果入es', '2020-12-08 17:43:35', '2020-12-08 17:43:39', 'PCI', NULL, 'RANDOM', 'sparkSubmitJobHandler', '{\"analyzeModel\":{\"env\":{\"shellName\":\"data-algorithm.sh\",\"deployEnvName\":\"ALG_DEPLOY_HOME\"},\"params\":[{\"cnName\":\"waitTimeOut\",\"enName\":\"waitTimeOut\",\"desc\":\"等待超时时长，单位秒\",\"value\":\"10800\"},{\"cnName\":\"依赖父id\",\"enName\":\"parentStepId\",\"desc\":\"依赖父id,逗号分隔\",\"value\":\"99101,99102,99103,99104,99800,99801,99805,99806\"},{\"cnName\":\"索引名称\",\"enName\":\"indexName\",\"desc\":\"索引名称\",\"value\":\"relation_index\"},{\"cnName\":\"批次导入数据量\",\"enName\":\"batchSize\",\"desc\":\"批次导入数据量\",\"value\":\"10000\"},{\"cnName\":\"分区数\",\"enName\":\"numPartitions\",\"desc\":\"分区数\",\"value\":\"500\"},{\"cnName\":\"权重\", \"enName\":\"weights\",\"desc\":\"权重\",\"value\":\"lcss:0.5,dtw:0.5\"},{\"cnName\":\"融合方法\",\"enName\":\"method\",\"desc\":\"融合方法\",\"value\":\"rank\"},{\"cnName\":\"关系类型\",\"enName\":\"relTypes\",\"desc\": \"关系类型\", \"value\": \"imei-imei,car-car,imsi-imsi,phone-phone,person-phone,person-imei,mac-mac,person-mac,person-imsi,person-person,car-phone,car-imei,car-mac,car-imsi\"},{\"cnName\":\"topN\",\"enName\":\"topN\",\"desc\": \"topN\",\"value\":\"30\"},{\"cnName\":\"数据库名称\",\"enName\":\"dataBaseName\",\"desc\":\"数据库名称\",\"value\":\"default\"},{\"cnName\":\"数据库类型\",\"enName\":\"databaseType\",\"desc\":\"数据库类型\",\"value\":\"hive\"}],\"isTag\":1,\"tagInfo\":[],\"mainClass\":\"com.suntek.algorithm.fusion.FusionHandler\",\"modelId\":8,\"modelName\":\"模型融合分析-分析结果入es\",\"stepId\":99302,\"taskId\":99302,\"descInfo\":\"\"},\"batchId\":0}', NULL, 0, 0, 'BEAN', NULL, NULL, '2020-12-08 17:43:59', NULL, NULL, 1);
INSERT INTO `XXL_JOB_QRTZ_TRIGGER_INFO`(`id`, `taskId`, `job_group`, `job_cron`, `job_desc`, `add_time`, `update_time`, `author`, `alarm_email`, `executor_route_strategy`, `executor_handler`, `executor_param`, `executor_block_strategy`, `executor_timeout`, `executor_fail_retry_count`, `glue_type`, `glue_source`, `glue_remark`, `glue_updatetime`, `parent_jobid`, `child_jobid`, `status`) VALUES (99400, 99400, 6, '0 0 4 * * ?', '所属关系', '2020-12-08 17:43:35', '2020-12-08 17:43:39', 'PCI', NULL, 'RANDOM', 'sparkSubmitJobHandler', '{\"batchId\":0,\"analyzeModel\":{\"env\":{\"shellName\":\"data-algorithm.sh\",\"deployEnvName\":\"ALG_DEPLOY_HOME\"},\"params\":[{\"cnName\":\"子任务\",\"enName\":\"subTask\",\"desc\":\"子任务映射关系(共用手机号的IMEI:08-0003-0001-02,共用手机号的MAC:08-0003-0002-02,共用IMEI的手机号:08-0003-0003-02,共用IMEI的IMSI:08-0003-0004-02,共用MAC的手机号:08-0003-0005-02,共用MAC的IMSI:08-0003-0006-02,共用IMSI的IMEI:08-0003-0007-02,共用IMSI的MAC:08-0003-0008-02)\",\"value\":\"08-0003-0001-02,08-0003-0002-02,08-0003-0003-02,08-0003-0004-02,08-0003-0005-02,08-0003-0006-02,08-0003-0007-02,08-0003-0008-02\"}],\"isTag\":1,\"tagInfo\":[],\"mainClass\":\"com.suntek.algorithm.process.sql.SqlAnalysisPreprocess\",\"modelId\":8,\"modelName\":\"所属关系\",\"stepId\":99400,\"taskId\":99400,\"descInfo\":\"\"}}\r\n', NULL, 0, 0, 'BEAN', NULL, NULL, '2020-12-08 17:43:59', NULL, NULL, 1);
INSERT INTO `XXL_JOB_QRTZ_TRIGGER_INFO`(`id`, `taskId`, `job_group`, `job_cron`, `job_desc`, `add_time`, `update_time`, `author`, `alarm_email`, `executor_route_strategy`, `executor_handler`, `executor_param`, `executor_block_strategy`, `executor_timeout`, `executor_fail_retry_count`, `glue_type`, `glue_source`, `glue_remark`, `glue_updatetime`, `parent_jobid`, `child_jobid`, `status`) VALUES (99401, 99401, 6, '0 3 11 * * ?', '模型评估', '2020-12-08 17:43:35', '2020-12-08 17:43:39', 'PCI', NULL, 'RANDOM', 'sparkSubmitJobHandler', '{\"batchId\":0,\"analyzeModel\":{\"env\":{\"shellName\":\"data-algorithm.sh\",\"deployEnvName\":\"ALG_DEPLOY_HOME\"},\"params\":[{\"cnName\": \"算法名\", \"enName\": \"algorithm\", \"desc\": \"算法名\", \"value\": \"LCSS\"},{\"cnName\": \"类型\", \"enName\": \"aType\", \"desc\": \"类型,字母必须大写\", \"value\": \"CAR-IMSI\"}, {\"cnName\": \"数据库名称\", \"enName\": \"dataBaseName\", \"desc\": \"数据库名称\", \"value\": \"default\"}, {\"cnName\": \"数据库类型\", \"enName\": \"databaseType\", \"desc\": \"数据库类型\", \"value\": \"hive\"},{\"cnName\": \"评估类型\", \"enName\": \"evaluationType\", \"desc\": \"评估类型\", \"value\": \"rank\"},{\"cnName\": \"statDate\", \"enName\": \"statDate\", \"desc\": \"statDate\", \"value\": \"20201112\"},{\"cnName\": \"posId\", \"enName\": \"posId\", \"desc\": \"posId\", \"value\": \"fpt_car_imsi_1112\"}],\"isTag\":1,\"tagInfo\":[],\"mainClass\":\"com.suntek.algorithm.evaluation.AcompanyEvaluation\",\"modelId\":0,\"modelName\":\"模型评估\",\"stepId\":99401,\"taskId\":99401,\"descInfo\":\"\"}}', NULL, 0, 0, 'BEAN', NULL, NULL, '2020-12-08 17:43:59', NULL, NULL, 0);
INSERT INTO `XXL_JOB_QRTZ_TRIGGER_INFO`(`id`, `taskId`, `job_group`, `job_cron`, `job_desc`, `add_time`, `update_time`, `author`, `alarm_email`, `executor_route_strategy`, `executor_handler`, `executor_param`, `executor_block_strategy`, `executor_timeout`, `executor_fail_retry_count`, `glue_type`, `glue_source`, `glue_remark`, `glue_updatetime`, `parent_jobid`, `child_jobid`, `status`) VALUES (99800, 99800, 6, '0 15 01 * * ?', '融合算法-DTW-车车', '2020-12-08 17:43:35', '2020-12-08 17:43:39', 'PCI', NULL, 'RANDOM', 'sparkSubmitJobHandler', '{\"analyzeModel\":{\"env\":{\"shellName\":\"data-algorithm.sh\",\"deployEnvName\":\"ALG_DEPLOY_HOME\"},\"params\":[{\"cnName\":\"每天最小碰撞次数\",\"enName\":\"minImpactCountDay\",\"desc\":\"minImpactCountDay\",\"value\":\"2\"},{\"cnName\":\"关系类别\",\"enName\":\"relType\",\"desc\":\"关系类别,如：imei-imsi,imsi-imsi\",\"value\":\"car-car\"},{\"cnName\":\"数据库名称\",\"enName\":\"dataBaseName\",\"desc\":\"数据库名称\",\"value\":\"default\"},{\"cnName\":\"数据库类型\",\"enName\":\"databaseType\",\"desc\":\"数据库类型\",\"value\":\"hive\"}],\"isTag\":1,\"tagInfo\":[],\"mainClass\":\"com.suntek.algorithm.process.dtw.DtwHandler\",\"modelId\":8,\"modelName\":\"CAR-CAR的DTW\",\"stepId\":99800,\"taskId\":99800,\"descInfo\":\"\"},\"batchId\":0}', NULL, 0, 0, 'BEAN', NULL, NULL, '2020-12-08 17:43:59', NULL, NULL, 1);
INSERT INTO `XXL_JOB_QRTZ_TRIGGER_INFO`(`id`, `taskId`, `job_group`, `job_cron`, `job_desc`, `add_time`, `update_time`, `author`, `alarm_email`, `executor_route_strategy`, `executor_handler`, `executor_param`, `executor_block_strategy`, `executor_timeout`, `executor_fail_retry_count`, `glue_type`, `glue_source`, `glue_remark`, `glue_updatetime`, `parent_jobid`, `child_jobid`, `status`) VALUES (99801, 99800, 6, '0 35 01 * * ?', '融合算法-DTW-车IMSI', '2020-12-08 17:43:35', '2020-12-08 17:43:39', 'PCI', NULL, 'RANDOM', 'sparkSubmitJobHandler', '{\"analyzeModel\":{\"env\":{\"shellName\":\"data-algorithm.sh\",\"deployEnvName\":\"ALG_DEPLOY_HOME\"},\"params\":[{\"cnName\":\"关系类别\",\"enName\":\"relType\",\"desc\":\"关系类别,如：imei-imsi,imsi-imsi\",\"value\":\"car-imsi\"},{\"cnName\":\"数据库名称\",\"enName\":\"dataBaseName\",\"desc\":\"数据库名称\",\"value\":\"default\"},{\"cnName\":\"数据库类型\",\"enName\":\"databaseType\",\"desc\":\"数据库类型\",\"value\":\"hive\"}],\"isTag\":1,\"tagInfo\":[],\"mainClass\":\"com.suntek.algorithm.process.dtw.DtwHandler\",\"modelId\":8,\"modelName\":\"CAR-IMSI的DTW\",\"stepId\":99801,\"taskId\":99800,\"descInfo\":\"\"},\"batchId\":0}', NULL, 0, 0, 'BEAN', NULL, NULL, '2020-12-08 17:43:59', NULL, NULL, 1);
INSERT INTO `XXL_JOB_QRTZ_TRIGGER_INFO`(`id`, `taskId`, `job_group`, `job_cron`, `job_desc`, `add_time`, `update_time`, `author`, `alarm_email`, `executor_route_strategy`, `executor_handler`, `executor_param`, `executor_block_strategy`, `executor_timeout`, `executor_fail_retry_count`, `glue_type`, `glue_source`, `glue_remark`, `glue_updatetime`, `parent_jobid`, `child_jobid`, `status`) VALUES (99802, 99800, 6, '0 30 0 * * ?', '融合算法-DTW-车MAC', '2020-12-08 17:43:35', '2020-12-08 17:43:39', 'PCI', NULL, 'RANDOM', 'sparkSubmitJobHandler', '{\"analyzeModel\":{\"env\":{\"shellName\":\"data-algorithm.sh\",\"deployEnvName\":\"ALG_DEPLOY_HOME\"},\"params\":[{\"cnName\":\"关系类别\",\"enName\":\"relType\",\"desc\":\"关系类别,如：imei-imsi,imsi-imsi\",\"value\":\"car-mac\"},{\"cnName\":\"数据库名称\",\"enName\":\"dataBaseName\",\"desc\":\"数据库名称\",\"value\":\"default\"},{\"cnName\":\"数据库类型\",\"enName\":\"databaseType\",\"desc\":\"数据库类型\",\"value\":\"hive\"}],\"isTag\":1,\"tagInfo\":[],\"mainClass\":\"com.suntek.algorithm.process.dtw.DtwHandler\",\"modelId\":8,\"modelName\":\"CAR-MAC的DTW\",\"stepId\":99802,\"taskId\":99800,\"descInfo\":\"\"},\"batchId\":0}', NULL, 0, 0, 'BEAN', NULL, NULL, '2020-12-08 17:43:59', NULL, NULL, 0);
INSERT INTO `XXL_JOB_QRTZ_TRIGGER_INFO`(`id`, `taskId`, `job_group`, `job_cron`, `job_desc`, `add_time`, `update_time`, `author`, `alarm_email`, `executor_route_strategy`, `executor_handler`, `executor_param`, `executor_block_strategy`, `executor_timeout`, `executor_fail_retry_count`, `glue_type`, `glue_source`, `glue_remark`, `glue_updatetime`, `parent_jobid`, `child_jobid`, `status`) VALUES (99803, 99800, 6, '0 30 01 * * ?', '融合算法-DTW-车IMEI', '2020-12-08 17:43:35', '2020-12-08 17:43:39', 'PCI', NULL, 'RANDOM', 'sparkSubmitJobHandler', '{\"analyzeModel\":{\"env\":{\"shellName\":\"data-algorithm.sh\",\"deployEnvName\":\"ALG_DEPLOY_HOME\"},\"params\":[{\"cnName\":\"关系类别\",\"enName\":\"relType\",\"desc\":\"关系类别,如：imei-imsi,imsi-imsi\",\"value\":\"car-imei\"},{\"cnName\":\"数据库名称\",\"enName\":\"dataBaseName\",\"desc\":\"数据库名称\",\"value\":\"default\"},{\"cnName\":\"数据库类型\",\"enName\":\"databaseType\",\"desc\":\"数据库类型\",\"value\":\"hive\"}],\"isTag\":1,\"tagInfo\":[],\"mainClass\":\"com.suntek.algorithm.process.dtw.DtwHandler\",\"modelId\":8,\"modelName\":\"car-imei的DTW\",\"stepId\":99803,\"taskId\":99800,\"descInfo\":\"\"},\"batchId\":0}', NULL, 0, 0, 'BEAN', NULL, NULL, '2020-12-08 17:43:59', NULL, NULL, 1);
INSERT INTO `XXL_JOB_QRTZ_TRIGGER_INFO`(`id`, `taskId`, `job_group`, `job_cron`, `job_desc`, `add_time`, `update_time`, `author`, `alarm_email`, `executor_route_strategy`, `executor_handler`, `executor_param`, `executor_block_strategy`, `executor_timeout`, `executor_fail_retry_count`, `glue_type`, `glue_source`, `glue_remark`, `glue_updatetime`, `parent_jobid`, `child_jobid`, `status`) VALUES (99804, 99800, 6, '0 20 0 * * ?', '融合算法-DTW-车手机号', '2020-12-08 17:43:35', '2020-12-08 17:43:39', 'PCI', NULL, 'RANDOM', 'sparkSubmitJobHandler', '{\"analyzeModel\":{\"env\":{\"shellName\":\"data-algorithm.sh\",\"deployEnvName\":\"ALG_DEPLOY_HOME\"},\"params\":[{\"cnName\":\"关系类别\",\"enName\":\"relType\",\"desc\":\"关系类别,如：imei-imsi,imsi-imsi\",\"value\":\"car-phone\"},{\"cnName\":\"数据库名称\",\"enName\":\"dataBaseName\",\"desc\":\"数据库名称\",\"value\":\"default\"},{\"cnName\":\"数据库类型\",\"enName\":\"databaseType\",\"desc\":\"数据库类型\",\"value\":\"hive\"}],\"isTag\":1,\"tagInfo\":[],\"mainClass\":\"com.suntek.algorithm.process.dtw.DtwHandler\",\"modelId\":8,\"modelName\":\"car-phone的dtw\",\"stepId\":99804,\"taskId\":99800,\"descInfo\":\"\"},\"batchId\":0}', NULL, 0, 0, 'BEAN', NULL, NULL, '2020-12-08 17:43:59', NULL, NULL, 1);
INSERT INTO `XXL_JOB_QRTZ_TRIGGER_INFO`(`id`, `taskId`, `job_group`, `job_cron`, `job_desc`, `add_time`, `update_time`, `author`, `alarm_email`, `executor_route_strategy`, `executor_handler`, `executor_param`, `executor_block_strategy`, `executor_timeout`, `executor_fail_retry_count`, `glue_type`, `glue_source`, `glue_remark`, `glue_updatetime`, `parent_jobid`, `child_jobid`, `status`) VALUES (99805, 99800, 6, '0 30 0 * * ?', '融合算法-DTW-人人', '2020-12-08 17:43:35', '2020-12-08 17:43:39', 'PCI', NULL, 'RANDOM', 'sparkSubmitJobHandler', '{\"analyzeModel\":{\"env\":{\"shellName\":\"data-algorithm.sh\",\"deployEnvName\":\"ALG_DEPLOY_HOME\"},\"params\":[{\"cnName\":\"关系类别\",\"enName\":\"relType\",\"desc\":\"关系类别,如：imei-imsi,imsi-imsi\",\"value\":\"person-person\"},{\"cnName\":\"数据库名称\",\"enName\":\"dataBaseName\",\"desc\":\"数据库名称\",\"value\":\"default\"},{\"cnName\":\"数据库类型\",\"enName\":\"databaseType\",\"desc\":\"数据库类型\",\"value\":\"hive\"}],\"isTag\":1,\"tagInfo\":[],\"mainClass\":\"com.suntek.algorithm.process.dtw.DtwHandler\",\"modelId\":8,\"modelName\":\"person-person的DTW\",\"stepId\":99805,\"taskId\":99800,\"descInfo\":\"\"},\"batchId\":0}', NULL, 0, 0, 'BEAN', NULL, NULL, '2020-12-08 17:43:59', NULL, NULL, 1);
INSERT INTO `XXL_JOB_QRTZ_TRIGGER_INFO`(`id`, `taskId`, `job_group`, `job_cron`, `job_desc`, `add_time`, `update_time`, `author`, `alarm_email`, `executor_route_strategy`, `executor_handler`, `executor_param`, `executor_block_strategy`, `executor_timeout`, `executor_fail_retry_count`, `glue_type`, `glue_source`, `glue_remark`, `glue_updatetime`, `parent_jobid`, `child_jobid`, `status`) VALUES (99806, 99800, 6, '0 30 01 * * ?', '融合算法-DTW-人IMSI', '2020-12-08 17:43:35', '2020-12-08 17:43:39', 'PCI', NULL, 'RANDOM', 'sparkSubmitJobHandler', '{\"analyzeModel\":{\"env\":{\"shellName\":\"data-algorithm.sh\",\"deployEnvName\":\"ALG_DEPLOY_HOME\"},\"params\":[{\"cnName\":\"关系类别\",\"enName\":\"relType\",\"desc\":\"关系类别,如：imei-imsi,imsi-imsi\",\"value\":\"person-imsi\"},{\"cnName\":\"数据库名称\",\"enName\":\"dataBaseName\",\"desc\":\"数据库名称\",\"value\":\"default\"},{\"cnName\":\"数据库类型\",\"enName\":\"databaseType\",\"desc\":\"数据库类型\",\"value\":\"hive\"}],\"isTag\":1,\"tagInfo\":[],\"mainClass\":\"com.suntek.algorithm.process.dtw.DtwHandler\",\"modelId\":8,\"modelName\":\"person-imsi的DTW\",\"stepId\":99806,\"taskId\":99800,\"descInfo\":\"\"},\"batchId\":0}', NULL, 0, 0, 'BEAN', NULL, NULL, '2020-12-08 17:43:59', NULL, NULL, 1);
INSERT INTO `XXL_JOB_QRTZ_TRIGGER_INFO`(`id`, `taskId`, `job_group`, `job_cron`, `job_desc`, `add_time`, `update_time`, `author`, `alarm_email`, `executor_route_strategy`, `executor_handler`, `executor_param`, `executor_block_strategy`, `executor_timeout`, `executor_fail_retry_count`, `glue_type`, `glue_source`, `glue_remark`, `glue_updatetime`, `parent_jobid`, `child_jobid`, `status`) VALUES (99807, 99800, 6, '0 50 02 * * ?', '融合算法-DTW-人MAC', '2020-12-08 17:43:35', '2020-12-08 17:43:39', 'PCI', NULL, 'RANDOM', 'sparkSubmitJobHandler', '{\"analyzeModel\":{\"env\":{\"shellName\":\"data-algorithm.sh\",\"deployEnvName\":\"ALG_DEPLOY_HOME\"},\"params\":[{\"cnName\":\"关系类别\",\"enName\":\"relType\",\"desc\":\"关系类别,如：imei-imsi,imsi-imsi\",\"value\":\"person-mac\"},{\"cnName\":\"数据库名称\",\"enName\":\"dataBaseName\",\"desc\":\"数据库名称\",\"value\":\"default\"},{\"cnName\":\"数据库类型\",\"enName\":\"databaseType\",\"desc\":\"数据库类型\",\"value\":\"hive\"}],\"isTag\":1,\"tagInfo\":[],\"mainClass\":\"com.suntek.algorithm.process.dtw.DtwHandler\",\"modelId\":8,\"modelName\":\"person-mac的DTW\",\"stepId\":99807,\"taskId\":99800,\"descInfo\":\"\"},\"batchId\":0}', NULL, 0, 0, 'BEAN', NULL, NULL, '2020-12-08 17:43:59', NULL, NULL, 0);
INSERT INTO `XXL_JOB_QRTZ_TRIGGER_INFO`(`id`, `taskId`, `job_group`, `job_cron`, `job_desc`, `add_time`, `update_time`, `author`, `alarm_email`, `executor_route_strategy`, `executor_handler`, `executor_param`, `executor_block_strategy`, `executor_timeout`, `executor_fail_retry_count`, `glue_type`, `glue_source`, `glue_remark`, `glue_updatetime`, `parent_jobid`, `child_jobid`, `status`) VALUES (99808, 99800, 6, '0 10 01 * * ?', '融合算法-DTW-人IMEI', '2020-12-08 17:43:35', '2020-12-08 17:43:39', 'PCI', NULL, 'RANDOM', 'sparkSubmitJobHandler', '{\"analyzeModel\":{\"env\":{\"shellName\":\"data-algorithm.sh\",\"deployEnvName\":\"ALG_DEPLOY_HOME\"},\"params\":[{\"cnName\":\"关系类别\",\"enName\":\"relType\",\"desc\":\"关系类别,如：imei-imsi,imsi-imsi\",\"value\":\"person-imei\"},{\"cnName\":\"数据库名称\",\"enName\":\"dataBaseName\",\"desc\":\"数据库名称\",\"value\":\"default\"},{\"cnName\":\"数据库类型\",\"enName\":\"databaseType\",\"desc\":\"数据库类型\",\"value\":\"hive\"}],\"isTag\":1,\"tagInfo\":[],\"mainClass\":\"com.suntek.algorithm.process.dtw.DtwHandler\",\"modelId\":8,\"modelName\":\"person-imei的dtw\",\"stepId\":99808,\"taskId\":99800,\"descInfo\":\"\"},\"batchId\":0}', NULL, 0, 0, 'BEAN', NULL, NULL, '2020-12-08 17:43:59', NULL, NULL, 1);
INSERT INTO `XXL_JOB_QRTZ_TRIGGER_INFO`(`id`, `taskId`, `job_group`, `job_cron`, `job_desc`, `add_time`, `update_time`, `author`, `alarm_email`, `executor_route_strategy`, `executor_handler`, `executor_param`, `executor_block_strategy`, `executor_timeout`, `executor_fail_retry_count`, `glue_type`, `glue_source`, `glue_remark`, `glue_updatetime`, `parent_jobid`, `child_jobid`, `status`) VALUES (99809, 99800, 6, '0 50 01 * * ?', '融合算法-DTW-人手机号', '2020-12-08 17:43:35', '2020-12-08 17:43:39', 'PCI', NULL, 'RANDOM', 'sparkSubmitJobHandler', '{\"analyzeModel\":{\"env\":{\"shellName\":\"data-algorithm.sh\",\"deployEnvName\":\"ALG_DEPLOY_HOME\"},\"params\":[{\"cnName\":\"关系类别\",\"enName\":\"relType\",\"desc\":\"关系类别,如：imei-imsi,imsi-imsi\",\"value\":\"person-phone\"},{\"cnName\":\"数据库名称\",\"enName\":\"dataBaseName\",\"desc\":\"数据库名称\",\"value\":\"default\"},{\"cnName\":\"数据库类型\",\"enName\":\"databaseType\",\"desc\":\"数据库类型\",\"value\":\"hive\"}],\"isTag\":1,\"tagInfo\":[],\"mainClass\":\"com.suntek.algorithm.process.dtw.DtwHandler\",\"modelId\":8,\"modelName\":\"person-phone的dtw\",\"stepId\":99809,\"taskId\":99800,\"descInfo\":\"\"},\"batchId\":0}', NULL, 0, 0, 'BEAN', NULL, NULL, '2020-12-08 17:43:59', NULL, NULL, 1);
INSERT INTO `XXL_JOB_QRTZ_TRIGGER_INFO`(`id`, `taskId`, `job_group`, `job_cron`, `job_desc`, `add_time`, `update_time`, `author`, `alarm_email`, `executor_route_strategy`, `executor_handler`, `executor_param`, `executor_block_strategy`, `executor_timeout`, `executor_fail_retry_count`, `glue_type`, `glue_source`, `glue_remark`, `glue_updatetime`, `parent_jobid`, `child_jobid`, `status`) VALUES (99810, 99800, 6, '0 10 02 * * ?', '融合算法-DTW-手机号手机号', '2020-12-08 17:43:35', '2020-12-08 17:43:39', 'PCI', NULL, 'RANDOM', 'sparkSubmitJobHandler', '{\"analyzeModel\":{\"env\":{\"shellName\":\"data-algorithm.sh\",\"deployEnvName\":\"ALG_DEPLOY_HOME\"},\"params\":[{\"cnName\":\"关系类别\",\"enName\":\"relType\",\"desc\":\"关系类别,如：imei-imsi,imsi-imsi\",\"value\":\"phone-phone\"},{\"cnName\":\"数据库名称\",\"enName\":\"dataBaseName\",\"desc\":\"数据库名称\",\"value\":\"default\"},{\"cnName\":\"数据库类型\",\"enName\":\"databaseType\",\"desc\":\"数据库类型\",\"value\":\"hive\"}],\"isTag\":1,\"tagInfo\":[],\"mainClass\":\"com.suntek.algorithm.process.dtw.DtwHandler\",\"modelId\":8,\"modelName\":\"phone-phone的dtw\",\"stepId\":99810,\"taskId\":99800,\"descInfo\":\"\"},\"batchId\":0}', NULL, 0, 0, 'BEAN', NULL, NULL, '2020-12-08 17:43:59', NULL, NULL, 1);
INSERT INTO `XXL_JOB_QRTZ_TRIGGER_INFO`(`id`, `taskId`, `job_group`, `job_cron`, `job_desc`, `add_time`, `update_time`, `author`, `alarm_email`, `executor_route_strategy`, `executor_handler`, `executor_param`, `executor_block_strategy`, `executor_timeout`, `executor_fail_retry_count`, `glue_type`, `glue_source`, `glue_remark`, `glue_updatetime`, `parent_jobid`, `child_jobid`, `status`) VALUES (99811, 99800, 6, '0 15 01 * * ?', '融合算法-DTW-IMSIIMSI', '2020-12-08 17:43:35', '2020-12-08 17:43:39', 'PCI', NULL, 'RANDOM', 'sparkSubmitJobHandler', '{\"analyzeModel\":{\"env\":{\"shellName\":\"data-algorithm.sh\",\"deployEnvName\":\"ALG_DEPLOY_HOME\"},\"params\":[{\"cnName\":\"关系类别\",\"enName\":\"relType\",\"desc\":\"关系类别,如：imei-imsi,imsi-imsi\",\"value\":\"imsi-imsi\"},{\"cnName\":\"数据库名称\",\"enName\":\"dataBaseName\",\"desc\":\"数据库名称\",\"value\":\"default\"},{\"cnName\":\"数据库类型\",\"enName\":\"databaseType\",\"desc\":\"数据库类型\",\"value\":\"hive\"}],\"isTag\":1,\"tagInfo\":[],\"mainClass\":\"com.suntek.algorithm.process.dtw.DtwHandler\",\"modelId\":8,\"modelName\":\"imsi-imsi的dtw\",\"stepId\":99811,\"taskId\":99800,\"descInfo\":\"\"},\"batchId\":0}', NULL, 0, 0, 'BEAN', NULL, NULL, '2020-12-08 17:43:59', NULL, NULL, 1);
INSERT INTO `XXL_JOB_QRTZ_TRIGGER_INFO`(`id`, `taskId`, `job_group`, `job_cron`, `job_desc`, `add_time`, `update_time`, `author`, `alarm_email`, `executor_route_strategy`, `executor_handler`, `executor_param`, `executor_block_strategy`, `executor_timeout`, `executor_fail_retry_count`, `glue_type`, `glue_source`, `glue_remark`, `glue_updatetime`, `parent_jobid`, `child_jobid`, `status`) VALUES (99812, 99800, 6, '0 20 02 * * ?', '融合算法-DTW-IMEIIMEI', '2020-12-08 17:43:35', '2020-12-08 17:43:39', 'PCI', NULL, 'RANDOM', 'sparkSubmitJobHandler', '{\"analyzeModel\":{\"env\":{\"shellName\":\"data-algorithm.sh\",\"deployEnvName\":\"ALG_DEPLOY_HOME\"},\"params\":[{\"cnName\":\"关系类别\",\"enName\":\"relType\",\"desc\":\"关系类别,如：imei-imsi,imsi-imsi\",\"value\":\"imei-imei\"},{\"cnName\":\"数据库名称\",\"enName\":\"dataBaseName\",\"desc\":\"数据库名称\",\"value\":\"default\"},{\"cnName\":\"数据库类型\",\"enName\":\"databaseType\",\"desc\":\"数据库类型\",\"value\":\"hive\"}],\"isTag\":1,\"tagInfo\":[],\"mainClass\":\"com.suntek.algorithm.process.dtw.DtwHandler\",\"modelId\":8,\"modelName\":\"imei-imei的dtw\",\"stepId\":99812,\"taskId\":99800,\"descInfo\":\"\"},\"batchId\":0}', NULL, 0, 0, 'BEAN', NULL, NULL, '2020-12-08 17:43:59', NULL, NULL, 1);
INSERT INTO `XXL_JOB_QRTZ_TRIGGER_INFO`(`id`, `taskId`, `job_group`, `job_cron`, `job_desc`, `add_time`, `update_time`, `author`, `alarm_email`, `executor_route_strategy`, `executor_handler`, `executor_param`, `executor_block_strategy`, `executor_timeout`, `executor_fail_retry_count`, `glue_type`, `glue_source`, `glue_remark`, `glue_updatetime`, `parent_jobid`, `child_jobid`, `status`) VALUES (99813, 99800, 6, '0 30 01 * * ?', '融合算法-DTW-MACMAC', '2020-12-08 17:43:35', '2020-12-08 17:43:39', 'PCI', NULL, 'RANDOM', 'sparkSubmitJobHandler', '{\"analyzeModel\":{\"env\":{\"shellName\":\"data-algorithm.sh\",\"deployEnvName\":\"ALG_DEPLOY_HOME\"},\"params\":[{\"cnName\":\"关系类别\",\"enName\":\"relType\",\"desc\":\"关系类别,如：imei-imsi,imsi-imsi\",\"value\":\"mac-mac\"},{\"cnName\":\"数据库名称\",\"enName\":\"dataBaseName\",\"desc\":\"数据库名称\",\"value\":\"default\"},{\"cnName\":\"数据库类型\",\"enName\":\"databaseType\",\"desc\":\"数据库类型\",\"value\":\"hive\"}],\"isTag\":1,\"tagInfo\":[],\"mainClass\":\"com.suntek.algorithm.process.dtw.DtwHandler\",\"modelId\":8,\"modelName\":\"mac-mac的dtw\",\"stepId\":99813,\"taskId\":99800,\"descInfo\":\"\"},\"batchId\":0}', NULL, 0, 0, 'BEAN', NULL, NULL, '2020-12-08 17:43:59', NULL, NULL, 0);
INSERT INTO `XXL_JOB_QRTZ_TRIGGER_INFO`(`id`, `taskId`, `job_group`, `job_cron`, `job_desc`, `add_time`, `update_time`, `author`, `alarm_email`, `executor_route_strategy`, `executor_handler`, `executor_param`, `executor_block_strategy`, `executor_timeout`, `executor_fail_retry_count`, `glue_type`, `glue_source`, `glue_remark`, `glue_updatetime`, `parent_jobid`, `child_jobid`, `status`) VALUES (99900, 99900, 6, '0 30 02 * * ?', '融合算法-FPTree-车车', '2020-12-08 17:43:35', '2020-12-08 17:43:39', 'PCI', NULL, 'RANDOM', 'sparkSubmitJobHandler', '{\"analyzeModel\":{\"env\":{\"shellName\":\"data-algorithm.sh\",\"deployEnvName\":\"ALG_DEPLOY_HOME\"},\"params\":[{\"cnName\":\"关系类别\",\"enName\":\"relType\",\"desc\":\"关系类别,如：imei-imsi,imsi-imsi\",\"value\":\"car-car\"},{\"cnName\":\"数据库名称\",\"enName\":\"dataBaseName\",\"desc\":\"数据库名称\",\"value\":\"default\"},{\"cnName\":\"数据库类型\",\"enName\":\"databaseType\",\"desc\":\"数据库类型\",\"value\":\"hive\"}],\"isTag\":1,\"tagInfo\":[],\"mainClass\":\"com.suntek.algorithm.process.fptree.FPTreeHandler\",\"modelId\":8,\"modelName\":\"car-car的fptree\",\"stepId\":99900,\"taskId\":99900,\"descInfo\":\"\"},\"batchId\":0}', NULL, 0, 0, 'BEAN', NULL, NULL, '2020-12-08 17:43:59', NULL, NULL, 0);
INSERT INTO `XXL_JOB_QRTZ_TRIGGER_INFO`(`id`, `taskId`, `job_group`, `job_cron`, `job_desc`, `add_time`, `update_time`, `author`, `alarm_email`, `executor_route_strategy`, `executor_handler`, `executor_param`, `executor_block_strategy`, `executor_timeout`, `executor_fail_retry_count`, `glue_type`, `glue_source`, `glue_remark`, `glue_updatetime`, `parent_jobid`, `child_jobid`, `status`) VALUES (99901, 99900, 6, '0 10 01 * * ?', '融合算法-FPTree-车IMSI', '2020-12-08 17:43:35', '2020-12-08 17:43:39', 'PCI', NULL, 'RANDOM', 'sparkSubmitJobHandler', '{\"analyzeModel\":{\"env\":{\"shellName\":\"data-algorithm.sh\",\"deployEnvName\":\"ALG_DEPLOY_HOME\"},\"params\":[{\"cnName\":\"关系类别\",\"enName\":\"relType\",\"desc\":\"关系类别,如：imei-imsi,imsi-imsi\",\"value\":\"car-imsi\"},{\"cnName\":\"数据库名称\",\"enName\":\"dataBaseName\",\"desc\":\"数据库名称\",\"value\":\"default\"},{\"cnName\":\"数据库类型\",\"enName\":\"databaseType\",\"desc\":\"数据库类型\",\"value\":\"hive\"}],\"isTag\":1,\"tagInfo\":[],\"mainClass\":\"com.suntek.algorithm.process.fptree.FPTreeHandler\",\"modelId\":8,\"modelName\":\"car-imsi的fptree\",\"stepId\":99901,\"taskId\":99900,\"descInfo\":\"\"},\"batchId\":0}', NULL, 0, 0, 'BEAN', NULL, NULL, '2020-12-08 17:43:59', NULL, NULL, 0);
INSERT INTO `XXL_JOB_QRTZ_TRIGGER_INFO`(`id`, `taskId`, `job_group`, `job_cron`, `job_desc`, `add_time`, `update_time`, `author`, `alarm_email`, `executor_route_strategy`, `executor_handler`, `executor_param`, `executor_block_strategy`, `executor_timeout`, `executor_fail_retry_count`, `glue_type`, `glue_source`, `glue_remark`, `glue_updatetime`, `parent_jobid`, `child_jobid`, `status`) VALUES (99902, 99900, 6, '0 30 0 * * ?', '融合算法-FPTree-车MAC', '2020-12-08 17:43:35', '2020-12-08 17:43:39', 'PCI', NULL, 'RANDOM', 'sparkSubmitJobHandler', '{\"analyzeModel\":{\"env\":{\"shellName\":\"data-algorithm.sh\",\"deployEnvName\":\"ALG_DEPLOY_HOME\"},\"params\":[{\"cnName\":\"关系类别\",\"enName\":\"relType\",\"desc\":\"关系类别,如：imei-imsi,imsi-imsi\",\"value\":\"car-mac\"},{\"cnName\":\"数据库名称\",\"enName\":\"dataBaseName\",\"desc\":\"数据库名称\",\"value\":\"default\"},{\"cnName\":\"数据库类型\",\"enName\":\"databaseType\",\"desc\":\"数据库类型\",\"value\":\"hive\"}],\"isTag\":1,\"tagInfo\":[],\"mainClass\":\"com.suntek.algorithm.process.fptree.FPTreeHandler\",\"modelId\":8,\"modelName\":\"car-mac的fptree\",\"stepId\":99902,\"taskId\":99900,\"descInfo\":\"\"},\"batchId\":0}', NULL, 0, 0, 'BEAN', NULL, NULL, '2020-12-08 17:43:59', NULL, NULL, 0);
INSERT INTO `XXL_JOB_QRTZ_TRIGGER_INFO`(`id`, `taskId`, `job_group`, `job_cron`, `job_desc`, `add_time`, `update_time`, `author`, `alarm_email`, `executor_route_strategy`, `executor_handler`, `executor_param`, `executor_block_strategy`, `executor_timeout`, `executor_fail_retry_count`, `glue_type`, `glue_source`, `glue_remark`, `glue_updatetime`, `parent_jobid`, `child_jobid`, `status`) VALUES (99903, 99900, 6, '0 30 01 * * ?', '融合算法-FPTree-车IMEI', '2020-12-08 17:43:35', '2020-12-08 17:43:39', 'PCI', NULL, 'RANDOM', 'sparkSubmitJobHandler', '{\"analyzeModel\":{\"env\":{\"shellName\":\"data-algorithm.sh\",\"deployEnvName\":\"ALG_DEPLOY_HOME\"},\"params\":[{\"cnName\":\"关系类别\",\"enName\":\"relType\",\"desc\":\"关系类别,如：imei-imsi,imsi-imsi\",\"value\":\"car-imei\"},{\"cnName\":\"数据库名称\",\"enName\":\"dataBaseName\",\"desc\":\"数据库名称\",\"value\":\"default\"},{\"cnName\":\"数据库类型\",\"enName\":\"databaseType\",\"desc\":\"数据库类型\",\"value\":\"hive\"}],\"isTag\":1,\"tagInfo\":[],\"mainClass\":\"com.suntek.algorithm.process.fptree.FPTreeHandler\",\"modelId\":8,\"modelName\":\"car-imei的fptree\",\"stepId\":99903,\"taskId\":99900,\"descInfo\":\"\"},\"batchId\":0}', NULL, 0, 0, 'BEAN', NULL, NULL, '2020-12-08 17:43:59', NULL, NULL, 0);
INSERT INTO `XXL_JOB_QRTZ_TRIGGER_INFO`(`id`, `taskId`, `job_group`, `job_cron`, `job_desc`, `add_time`, `update_time`, `author`, `alarm_email`, `executor_route_strategy`, `executor_handler`, `executor_param`, `executor_block_strategy`, `executor_timeout`, `executor_fail_retry_count`, `glue_type`, `glue_source`, `glue_remark`, `glue_updatetime`, `parent_jobid`, `child_jobid`, `status`) VALUES (99904, 99900, 6, '0 20 0 * * ?', '融合算法-FPTree-车手机号', '2020-12-08 17:43:35', '2020-12-08 17:43:39', 'PCI', NULL, 'RANDOM', 'sparkSubmitJobHandler', '{\"analyzeModel\":{\"env\":{\"shellName\":\"data-algorithm.sh\",\"deployEnvName\":\"ALG_DEPLOY_HOME\"},\"params\":[{\"cnName\":\"关系类别\",\"enName\":\"relType\",\"desc\":\"关系类别,如：imei-imsi,imsi-imsi\",\"value\":\"car-phone\"},{\"cnName\":\"数据库名称\",\"enName\":\"dataBaseName\",\"desc\":\"数据库名称\",\"value\":\"default\"},{\"cnName\":\"数据库类型\",\"enName\":\"databaseType\",\"desc\":\"数据库类型\",\"value\":\"hive\"}],\"isTag\":1,\"tagInfo\":[],\"mainClass\":\"com.suntek.algorithm.process.fptree.FPTreeHandler\",\"modelId\":8,\"modelName\":\"car-phone的fptree\",\"stepId\":99904,\"taskId\":99900,\"descInfo\":\"\"},\"batchId\":0}', NULL, 0, 0, 'BEAN', NULL, NULL, '2020-12-08 17:43:59', NULL, NULL, 0);
INSERT INTO `XXL_JOB_QRTZ_TRIGGER_INFO`(`id`, `taskId`, `job_group`, `job_cron`, `job_desc`, `add_time`, `update_time`, `author`, `alarm_email`, `executor_route_strategy`, `executor_handler`, `executor_param`, `executor_block_strategy`, `executor_timeout`, `executor_fail_retry_count`, `glue_type`, `glue_source`, `glue_remark`, `glue_updatetime`, `parent_jobid`, `child_jobid`, `status`) VALUES (99905, 99900, 6, '0 30 0 * * ?', '融合算法-FPTree-人人', '2020-12-08 17:43:35', '2020-12-08 17:43:39', 'PCI', NULL, 'RANDOM', 'sparkSubmitJobHandler', '{\"analyzeModel\":{\"env\":{\"shellName\":\"data-algorithm.sh\",\"deployEnvName\":\"ALG_DEPLOY_HOME\"},\"params\":[{\"cnName\":\"关系类别\",\"enName\":\"relType\",\"desc\":\"关系类别,如：imei-imsi,imsi-imsi\",\"value\":\"person-person\"},{\"cnName\":\"数据库名称\",\"enName\":\"dataBaseName\",\"desc\":\"数据库名称\",\"value\":\"default\"},{\"cnName\":\"数据库类型\",\"enName\":\"databaseType\",\"desc\":\"数据库类型\",\"value\":\"hive\"}],\"isTag\":1,\"tagInfo\":[],\"mainClass\":\"com.suntek.algorithm.process.fptree.FPTreeHandler\",\"modelId\":8,\"modelName\":\"person-person的fptree\",\"stepId\":99905,\"taskId\":99900,\"descInfo\":\"\"},\"batchId\":0}', NULL, 0, 0, 'BEAN', NULL, NULL, '2020-12-08 17:43:59', NULL, NULL, 0);
INSERT INTO `XXL_JOB_QRTZ_TRIGGER_INFO`(`id`, `taskId`, `job_group`, `job_cron`, `job_desc`, `add_time`, `update_time`, `author`, `alarm_email`, `executor_route_strategy`, `executor_handler`, `executor_param`, `executor_block_strategy`, `executor_timeout`, `executor_fail_retry_count`, `glue_type`, `glue_source`, `glue_remark`, `glue_updatetime`, `parent_jobid`, `child_jobid`, `status`) VALUES (99906, 99900, 6, '0 40 01 * * ?', '融合算法-FPTree-人IMSI', '2020-12-08 17:43:35', '2020-12-08 17:43:39', 'PCI', NULL, 'RANDOM', 'sparkSubmitJobHandler', '{\"analyzeModel\":{\"env\":{\"shellName\":\"data-algorithm.sh\",\"deployEnvName\":\"ALG_DEPLOY_HOME\"},\"params\":[{\"cnName\":\"关系类别\",\"enName\":\"relType\",\"desc\":\"关系类别,如：imei-imsi,imsi-imsi\",\"value\":\"person-imsi\"},{\"cnName\":\"数据库名称\",\"enName\":\"dataBaseName\",\"desc\":\"数据库名称\",\"value\":\"default\"},{\"cnName\":\"数据库类型\",\"enName\":\"databaseType\",\"desc\":\"数据库类型\",\"value\":\"hive\"}],\"isTag\":1,\"tagInfo\":[],\"mainClass\":\"com.suntek.algorithm.process.fptree.FPTreeHandler\",\"modelId\":8,\"modelName\":\"person-imsi的fptree\",\"stepId\":99906,\"taskId\":99900,\"descInfo\":\"\"},\"batchId\":0}', NULL, 0, 0, 'BEAN', NULL, NULL, '2020-12-08 17:43:59', NULL, NULL, 0);
INSERT INTO `XXL_JOB_QRTZ_TRIGGER_INFO`(`id`, `taskId`, `job_group`, `job_cron`, `job_desc`, `add_time`, `update_time`, `author`, `alarm_email`, `executor_route_strategy`, `executor_handler`, `executor_param`, `executor_block_strategy`, `executor_timeout`, `executor_fail_retry_count`, `glue_type`, `glue_source`, `glue_remark`, `glue_updatetime`, `parent_jobid`, `child_jobid`, `status`) VALUES (99907, 99900, 6, '0 20 02 * * ?', '融合算法-FPTree-人MAC', '2020-12-08 17:43:35', '2020-12-08 17:43:39', 'PCI', NULL, 'RANDOM', 'sparkSubmitJobHandler', '{\"analyzeModel\":{\"env\":{\"shellName\":\"data-algorithm.sh\",\"deployEnvName\":\"ALG_DEPLOY_HOME\"},\"params\":[{\"cnName\":\"关系类别\",\"enName\":\"relType\",\"desc\":\"关系类别,如：imei-imsi,imsi-imsi\",\"value\":\"person-mac\"},{\"cnName\":\"数据库名称\",\"enName\":\"dataBaseName\",\"desc\":\"数据库名称\",\"value\":\"default\"},{\"cnName\":\"数据库类型\",\"enName\":\"databaseType\",\"desc\":\"数据库类型\",\"value\":\"hive\"}],\"isTag\":1,\"tagInfo\":[],\"mainClass\":\"com.suntek.algorithm.process.fptree.FPTreeHandler\",\"modelId\":8,\"modelName\":\"person-mac的fptree\",\"stepId\":99907,\"taskId\":99900,\"descInfo\":\"\"},\"batchId\":0}', NULL, 0, 0, 'BEAN', NULL, NULL, '2020-12-08 17:43:59', NULL, NULL, 0);
INSERT INTO `XXL_JOB_QRTZ_TRIGGER_INFO`(`id`, `taskId`, `job_group`, `job_cron`, `job_desc`, `add_time`, `update_time`, `author`, `alarm_email`, `executor_route_strategy`, `executor_handler`, `executor_param`, `executor_block_strategy`, `executor_timeout`, `executor_fail_retry_count`, `glue_type`, `glue_source`, `glue_remark`, `glue_updatetime`, `parent_jobid`, `child_jobid`, `status`) VALUES (99908, 99900, 6, '0 20 01 * * ?', '融合算法-FPTree-人IMEI', '2020-12-08 17:43:35', '2020-12-08 17:43:39', 'PCI', NULL, 'RANDOM', 'sparkSubmitJobHandler', '{\"analyzeModel\":{\"env\":{\"shellName\":\"data-algorithm.sh\",\"deployEnvName\":\"ALG_DEPLOY_HOME\"},\"params\":[{\"cnName\":\"关系类别\",\"enName\":\"relType\",\"desc\":\"关系类别,如：imei-imsi,imsi-imsi\",\"value\":\"person-imei\"},{\"cnName\":\"数据库名称\",\"enName\":\"dataBaseName\",\"desc\":\"数据库名称\",\"value\":\"default\"},{\"cnName\":\"数据库类型\",\"enName\":\"databaseType\",\"desc\":\"数据库类型\",\"value\":\"hive\"}],\"isTag\":1,\"tagInfo\":[],\"mainClass\":\"com.suntek.algorithm.process.fptree.FPTreeHandler\",\"modelId\":8,\"modelName\":\"person-imei的fptree\",\"stepId\":99908,\"taskId\":99900,\"descInfo\":\"\"},\"batchId\":0}', NULL, 0, 0, 'BEAN', NULL, NULL, '2020-12-08 17:43:59', NULL, NULL, 0);
INSERT INTO `XXL_JOB_QRTZ_TRIGGER_INFO`(`id`, `taskId`, `job_group`, `job_cron`, `job_desc`, `add_time`, `update_time`, `author`, `alarm_email`, `executor_route_strategy`, `executor_handler`, `executor_param`, `executor_block_strategy`, `executor_timeout`, `executor_fail_retry_count`, `glue_type`, `glue_source`, `glue_remark`, `glue_updatetime`, `parent_jobid`, `child_jobid`, `status`) VALUES (99909, 99900, 6, '0 50 01 * * ?', '融合算法-FPTree-人手机号', '2020-12-08 17:43:35', '2020-12-08 17:43:39', 'PCI', NULL, 'RANDOM', 'sparkSubmitJobHandler', '{\"analyzeModel\":{\"env\":{\"shellName\":\"data-algorithm.sh\",\"deployEnvName\":\"ALG_DEPLOY_HOME\"},\"params\":[{\"cnName\":\"关系类别\",\"enName\":\"relType\",\"desc\":\"关系类别,如：imei-imsi,imsi-imsi\",\"value\":\"person-phone\"},{\"cnName\":\"数据库名称\",\"enName\":\"dataBaseName\",\"desc\":\"数据库名称\",\"value\":\"default\"},{\"cnName\":\"数据库类型\",\"enName\":\"databaseType\",\"desc\":\"数据库类型\",\"value\":\"hive\"}],\"isTag\":1,\"tagInfo\":[],\"mainClass\":\"com.suntek.algorithm.process.fptree.FPTreeHandler\",\"modelId\":8,\"modelName\":\"person-phone的fptree\",\"stepId\":99909,\"taskId\":99900,\"descInfo\":\"\"},\"batchId\":0}', NULL, 0, 0, 'BEAN', NULL, NULL, '2020-12-08 17:43:59', NULL, NULL, 0);
INSERT INTO `XXL_JOB_QRTZ_TRIGGER_INFO`(`id`, `taskId`, `job_group`, `job_cron`, `job_desc`, `add_time`, `update_time`, `author`, `alarm_email`, `executor_route_strategy`, `executor_handler`, `executor_param`, `executor_block_strategy`, `executor_timeout`, `executor_fail_retry_count`, `glue_type`, `glue_source`, `glue_remark`, `glue_updatetime`, `parent_jobid`, `child_jobid`, `status`) VALUES (99910, 99900, 6, '0 10 02 * * ?', '融合算法-FPTree-手机号手机号', '2020-12-08 17:43:35', '2020-12-08 17:43:39', 'PCI', NULL, 'RANDOM', 'sparkSubmitJobHandler', '{\"analyzeModel\":{\"env\":{\"shellName\":\"data-algorithm.sh\",\"deployEnvName\":\"ALG_DEPLOY_HOME\"},\"params\":[{\"cnName\":\"关系类别\",\"enName\":\"relType\",\"desc\":\"关系类别,如：imei-imsi,imsi-imsi\",\"value\":\"phone-phone\"},{\"cnName\":\"数据库名称\",\"enName\":\"dataBaseName\",\"desc\":\"数据库名称\",\"value\":\"default\"},{\"cnName\":\"数据库类型\",\"enName\":\"databaseType\",\"desc\":\"数据库类型\",\"value\":\"hive\"}],\"isTag\":1,\"tagInfo\":[],\"mainClass\":\"com.suntek.algorithm.process.fptree.FPTreeHandler\",\"modelId\":8,\"modelName\":\"phone-phone的fptree\",\"stepId\":99910,\"taskId\":99900,\"descInfo\":\"\"},\"batchId\":0}', NULL, 0, 0, 'BEAN', NULL, NULL, '2020-12-08 17:43:59', NULL, NULL, 0);
INSERT INTO `XXL_JOB_QRTZ_TRIGGER_INFO`(`id`, `taskId`, `job_group`, `job_cron`, `job_desc`, `add_time`, `update_time`, `author`, `alarm_email`, `executor_route_strategy`, `executor_handler`, `executor_param`, `executor_block_strategy`, `executor_timeout`, `executor_fail_retry_count`, `glue_type`, `glue_source`, `glue_remark`, `glue_updatetime`, `parent_jobid`, `child_jobid`, `status`) VALUES (99911, 99900, 6, '0 15 01 * * ?', '融合算法-FPTree-IMSIIMSI', '2020-12-08 17:43:35', '2020-12-08 17:43:39', 'PCI', NULL, 'RANDOM', 'sparkSubmitJobHandler', '{\"analyzeModel\":{\"env\":{\"shellName\":\"data-algorithm.sh\",\"deployEnvName\":\"ALG_DEPLOY_HOME\"},\"params\":[{\"cnName\":\"关系类别\",\"enName\":\"relType\",\"desc\":\"关系类别,如：imei-imsi,imsi-imsi\",\"value\":\"imsi-imsi\"},{\"cnName\":\"数据库名称\",\"enName\":\"dataBaseName\",\"desc\":\"数据库名称\",\"value\":\"default\"},{\"cnName\":\"数据库类型\",\"enName\":\"databaseType\",\"desc\":\"数据库类型\",\"value\":\"hive\"}],\"isTag\":1,\"tagInfo\":[],\"mainClass\":\"com.suntek.algorithm.process.fptree.FPTreeHandler\",\"modelId\":8,\"modelName\":\"imsi-imsi的fptree\",\"stepId\":99911,\"taskId\":99900,\"descInfo\":\"\"},\"batchId\":0}', NULL, 0, 0, 'BEAN', NULL, NULL, '2020-12-08 17:43:59', NULL, NULL, 0);
INSERT INTO `XXL_JOB_QRTZ_TRIGGER_INFO`(`id`, `taskId`, `job_group`, `job_cron`, `job_desc`, `add_time`, `update_time`, `author`, `alarm_email`, `executor_route_strategy`, `executor_handler`, `executor_param`, `executor_block_strategy`, `executor_timeout`, `executor_fail_retry_count`, `glue_type`, `glue_source`, `glue_remark`, `glue_updatetime`, `parent_jobid`, `child_jobid`, `status`) VALUES (99912, 99900, 6, '0 20 01 * * ?', '融合算法-FPTree-IMEIIMEI', '2020-12-08 17:43:35', '2020-12-08 17:43:39', 'PCI', NULL, 'RANDOM', 'sparkSubmitJobHandler', '{\"analyzeModel\":{\"env\":{\"shellName\":\"data-algorithm.sh\",\"deployEnvName\":\"ALG_DEPLOY_HOME\"},\"params\":[{\"cnName\":\"关系类别\",\"enName\":\"relType\",\"desc\":\"关系类别,如：imei-imsi,imsi-imsi\",\"value\":\"imei-imei\"},{\"cnName\":\"数据库名称\",\"enName\":\"dataBaseName\",\"desc\":\"数据库名称\",\"value\":\"default\"},{\"cnName\":\"数据库类型\",\"enName\":\"databaseType\",\"desc\":\"数据库类型\",\"value\":\"hive\"}],\"isTag\":1,\"tagInfo\":[],\"mainClass\":\"com.suntek.algorithm.process.fptree.FPTreeHandler\",\"modelId\":8,\"modelName\":\"imei-imei的fptree\",\"stepId\":99912,\"taskId\":99900,\"descInfo\":\"\"},\"batchId\":0}', NULL, 0, 0, 'BEAN', NULL, NULL, '2020-12-08 17:43:59', NULL, NULL, 0);
INSERT INTO `XXL_JOB_QRTZ_TRIGGER_INFO`(`id`, `taskId`, `job_group`, `job_cron`, `job_desc`, `add_time`, `update_time`, `author`, `alarm_email`, `executor_route_strategy`, `executor_handler`, `executor_param`, `executor_block_strategy`, `executor_timeout`, `executor_fail_retry_count`, `glue_type`, `glue_source`, `glue_remark`, `glue_updatetime`, `parent_jobid`, `child_jobid`, `status`) VALUES (99913, 99900, 6, '0 30 01 * * ?', '融合算法-FPTree-MACMAC', '2020-12-08 17:43:35', '2020-12-08 17:43:39', 'PCI', NULL, 'RANDOM', 'sparkSubmitJobHandler', '{\"analyzeModel\":{\"env\":{\"shellName\":\"data-algorithm.sh\",\"deployEnvName\":\"ALG_DEPLOY_HOME\"},\"params\":[{\"cnName\":\"关系类别\",\"enName\":\"relType\",\"desc\":\"关系类别,如：imei-imsi,imsi-imsi\",\"value\":\"mac-mac\"},{\"cnName\":\"数据库名称\",\"enName\":\"dataBaseName\",\"desc\":\"数据库名称\",\"value\":\"default\"},{\"cnName\":\"数据库类型\",\"enName\":\"databaseType\",\"desc\":\"数据库类型\",\"value\":\"hive\"}],\"isTag\":1,\"tagInfo\":[],\"mainClass\":\"com.suntek.algorithm.process.fptree.FPTreeHandler\",\"modelId\":8,\"modelName\":\"mac-mac的fptree\",\"stepId\":99913,\"taskId\":99900,\"descInfo\":\"\"},\"batchId\":0}', NULL, 0, 0, 'BEAN', NULL, NULL, '2020-12-08 17:43:59', NULL, NULL, 0);
INSERT INTO `XXL_JOB_QRTZ_TRIGGER_INFO`(`id`, `taskId`, `job_group`, `job_cron`, `job_desc`, `add_time`, `update_time`, `author`, `alarm_email`, `executor_route_strategy`, `executor_handler`, `executor_param`, `executor_block_strategy`, `executor_timeout`, `executor_fail_retry_count`, `glue_type`, `glue_source`, `glue_remark`, `glue_updatetime`, `parent_jobid`, `child_jobid`, `status`) VALUES (100000, 100000, 6, '0 39 09 * * ?', '数据生命周期管理任务', '2020-12-23 10:21:24', '2020-12-23 10:21:20', 'PCI', NULL, 'RANDOM', 'sparkSubmitJobHandler', '{\"batchId\":0,\"analyzeModel\":{\"env\":{\"shellName\":\"data-algorithm.sh\",\"deployEnvName\":\"ALG_DEPLOY_HOME\"},\"params\":[{\"cnName\":\"关系类别\",\"enName\":\"relType\",\"desc\":\"关系类别,如：imei-imsi,imsi-imsi\",\"value\":\"hive-life-cycle\"},{\"cnName\":\"hive分区表生命周期管理\",\"enName\":\"hiveTablesLifeCycle\",\"desc\":\"hive分区表生命周期管理:只支持分区表生命周期管理,时间分区只保留最近多少天数据,初定：标准表保留近30天，分布表保留近180天，中间表保留近180天，汇总结果表保留近7天\",\"value\":[{\"name\":\"HIVE_FACE_DETECT_RL\",\"type\":\"external\",\"partitions\":[{\"name\":\"STAT_DAY\",\"type\":\"datetime\",\"format\":\"yyMMdd\",\"days\":30}]},{\"name\":\"CAR_DETECT_INFO\",\"type\":\"external\",\"partitions\":[{\"name\":\"STAT_DAY\",\"type\":\"datetime\",\"format\":\"yyMMdd\",\"days\":30}]},{\"name\":\"EFENCE_DETECT_INFO\",\"type\":\"external\",\"partitions\":[{\"name\":\"STAT_DAY\",\"type\":\"datetime\",\"format\":\"yyMMdd\",\"days\":30}]},{\"name\":\"DM_RELATION_DISTRIBUTE_DETAIL\",\"type\":\"external\",\"partitions\":[{\"name\":\"STAT_DATE\",\"type\":\"datetime\",\"format\":\"yyyyMMddHH\",\"days\":180}]},{\"name\":\"DM_RELATION_DISTRIBUTE_STAT\",\"type\":\"external\",\"partitions\":[{\"name\":\"STAT_DATE\",\"type\":\"datetime\",\"format\":\"yyyyMMddHH\",\"days\":180}]},{\"name\":\"DM_LCSS_OBJECT_HOUR\",\"type\":\"external\",\"partitions\":[{\"name\":\"STAT_DATE\",\"type\":\"datetime\",\"format\":\"yyyyMMdd\",\"days\":180}]},{\"name\":\"DM_LCSS_OBJECT_DAY\",\"type\":\"external\",\"partitions\":[{\"name\":\"STAT_DATE\",\"type\":\"datetime\",\"format\":\"yyyyMMdd\",\"days\":180}]},{\"name\":\"DM_LCSS_DAY\",\"type\":\"external\",\"partitions\":[{\"name\":\"STAT_DATE\",\"type\":\"datetime\",\"format\":\"yyyyMMdd\",\"days\":180}]},{\"name\":\"DM_LCSS\",\"type\":\"external\",\"partitions\":[{\"name\":\"STAT_DATE\",\"type\":\"datetime\",\"format\":\"yyyyMMdd\",\"days\":7}]},{\"name\":\"DM_ENTROPY_WEIGHT\",\"type\":\"external\",\"partitions\":[{\"name\":\"STAT_DATE\",\"type\":\"datetime\",\"format\":\"yyyyMMdd\",\"days\":180}]},{\"name\":\"DM_ENTROPY_RESULT\",\"type\":\"external\",\"partitions\":[{\"name\":\"STAT_DATE\",\"type\":\"datetime\",\"format\":\"yyyyMMdd\",\"days\":180}]},{\"name\":\"DM_DTW_ITEMS\",\"type\":\"external\",\"partitions\":[{\"name\":\"STAT_DATE\",\"type\":\"datetime\",\"format\":\"yyyyMMdd\",\"days\":180}]},{\"name\":\"DM_DTW\",\"type\":\"external\",\"partitions\":[{\"name\":\"STAT_DATE\",\"type\":\"datetime\",\"format\":\"yyyyMMdd\",\"days\":7}]},{\"name\":\"DM_FPTREE_FREREQUENT_ITEMS\",\"type\":\"external\",\"partitions\":[{\"name\":\"STAT_DATE\",\"type\":\"datetime\",\"format\":\"yyyyMMdd\",\"days\":180}]},{\"name\":\"DM_FPTREE\",\"type\":\"external\",\"partitions\":[{\"name\":\"STAT_DATE\",\"type\":\"datetime\",\"format\":\"yyyyMMdd\",\"days\":7}]},{\"name\":\"SV_ACCOMPANY_DAY\",\"type\":\"external\",\"partitions\":[{\"name\":\"STAT_DATE\",\"type\":\"datetime\",\"format\":\"yyyyMMdd\",\"days\":180}]},{\"name\":\"SV_ACCOMPANY\",\"type\":\"external\",\"partitions\":[{\"name\":\"STAT_DATE\",\"type\":\"datetime\",\"format\":\"yyyyMMdd\",\"days\":7}]},{\"name\":\"DM_RELATION\",\"type\":\"external\",\"partitions\":[{\"name\":\"STAT_DATE\",\"type\":\"datetime\",\"format\":\"yyyyMMdd\",\"days\":7}]},{\"name\":\"TB_ACCOMPANY_EVALUATION_RESULT\",\"type\":\"external\",\"partitions\":[{\"name\":\"BD\",\"type\":\"datetime\",\"format\":\"yyyyMMdd\",\"days\":30}]}]}],\"mainClass\":\"com.suntek.algorithm.process.lifecycle.HiveLifeCycleHandler\",\"modelId\":0,\"modelName\":\"生命周期管理\",\"stepId\":100000,\"taskId\":100000,\"descInfo\":\"\"}}', NULL, 0, 0, 'BEAN', NULL, NULL, '2020-12-23 10:21:56', NULL, NULL, 0);



INSERT INTO `TTASK_STEP_INSTANCE`(`taskInstanceId`, `taskId`, `stepId`, `jobId`, `status`, `descInfo`, `batchId`, `parent_stepId`, `filterCondition`, `scheduleTime`, `startTime`, `stopTime`, `applicationId`, `completeTime`, `exception`, `lastUpdateTime`, `dataRange`, `isAlter`) VALUES (99001, 99000, 99001, 99001, 0, '未运行', 0, NULL, NULL, '0 10 * * * ?', '2020-12-29 13:10:10', '2020-12-29 13:12:28', NULL, '2020-12-29 13:12:28', 'success', '2020-12-16 00:11:01', 1, 0);
INSERT INTO `TTASK_STEP_INSTANCE`(`taskInstanceId`, `taskId`, `stepId`, `jobId`, `status`, `descInfo`, `batchId`, `parent_stepId`, `filterCondition`, `scheduleTime`, `startTime`, `stopTime`, `applicationId`, `completeTime`, `exception`, `lastUpdateTime`, `dataRange`, `isAlter`) VALUES (99002, 99000, 99002, 99002, 0, '未运行', 0, NULL, NULL, '0 15 * * * ?', '2020-12-29 12:15:10', '2020-12-29 11:16:11', NULL, '2020-12-29 11:16:11', '', '2020-12-16 00:11:01', 1, 0);
INSERT INTO `TTASK_STEP_INSTANCE`(`taskInstanceId`, `taskId`, `stepId`, `jobId`, `status`, `descInfo`, `batchId`, `parent_stepId`, `filterCondition`, `scheduleTime`, `startTime`, `stopTime`, `applicationId`, `completeTime`, `exception`, `lastUpdateTime`, `dataRange`, `isAlter`) VALUES (99003, 99000, 99003, 99003, 0, '未运行', 0, NULL, NULL, '0 20 * * * ?', '2020-12-29 13:20:10', '2020-12-29 13:20:45', NULL, '2020-12-29 13:20:45', 'success', '2020-12-16 00:10:59', 1, 0);
INSERT INTO `TTASK_STEP_INSTANCE`(`taskInstanceId`, `taskId`, `stepId`, `jobId`, `status`, `descInfo`, `batchId`, `parent_stepId`, `filterCondition`, `scheduleTime`, `startTime`, `stopTime`, `applicationId`, `completeTime`, `exception`, `lastUpdateTime`, `dataRange`, `isAlter`) VALUES (99004, 99000, 99004, 99004, 0, '未运行', 0, NULL, NULL, '0 25 * * * ?', '2020-12-29 13:25:10', '2020-12-29 13:25:45', NULL, '2020-12-29 13:25:45', 'success', '2020-12-16 00:10:59', 1, 0);
INSERT INTO `TTASK_STEP_INSTANCE`(`taskInstanceId`, `taskId`, `stepId`, `jobId`, `status`, `descInfo`, `batchId`, `parent_stepId`, `filterCondition`, `scheduleTime`, `startTime`, `stopTime`, `applicationId`, `completeTime`, `exception`, `lastUpdateTime`, `dataRange`, `isAlter`) VALUES (99005, 99000, 99005, 99005, 0, '未运行', 0, NULL, NULL, '0 30 * * * ?', '2020-12-29 13:30:10', '2020-12-29 13:30:53', NULL, '2020-12-29 13:30:53', 'success', '2020-12-16 00:10:43', 1, 0);
INSERT INTO `TTASK_STEP_INSTANCE`(`taskInstanceId`, `taskId`, `stepId`, `jobId`, `status`, `descInfo`, `batchId`, `parent_stepId`, `filterCondition`, `scheduleTime`, `startTime`, `stopTime`, `applicationId`, `completeTime`, `exception`, `lastUpdateTime`, `dataRange`, `isAlter`) VALUES (99006, 99000, 99006, 99006, 0, '未运行', 0, NULL, NULL, '0 35 * * * ?', '2020-12-29 13:35:10', '2020-12-29 13:36:18', NULL, '2020-12-29 13:36:18', 'success', '2020-12-16 00:10:56', 1, 0);
INSERT INTO `TTASK_STEP_INSTANCE`(`taskInstanceId`, `taskId`, `stepId`, `jobId`, `status`, `descInfo`, `batchId`, `parent_stepId`, `filterCondition`, `scheduleTime`, `startTime`, `stopTime`, `applicationId`, `completeTime`, `exception`, `lastUpdateTime`, `dataRange`, `isAlter`) VALUES (99007, 99000, 99007, 99007, 0, '未运行', 0, NULL, NULL, '0 40 * * * ?', '2020-12-29 13:40:10', '2020-12-29 13:41:18', NULL, '2020-12-29 13:41:18', 'success', '2020-12-14 20:34:17', 1, 0);
INSERT INTO `TTASK_STEP_INSTANCE`(`taskInstanceId`, `taskId`, `stepId`, `jobId`, `status`, `descInfo`, `batchId`, `parent_stepId`, `filterCondition`, `scheduleTime`, `startTime`, `stopTime`, `applicationId`, `completeTime`, `exception`, `lastUpdateTime`, `dataRange`, `isAlter`) VALUES (99008, 99000, 99008, 99008, 0, '未运行', 0, NULL, NULL, '0 07 * * * ?', '2020-12-29 12:32:46', '2020-12-29 11:08:38', NULL, '2020-12-29 11:08:38', '', '2020-12-14 20:34:17', 1, 0);
INSERT INTO `TTASK_STEP_INSTANCE`(`taskInstanceId`, `taskId`, `stepId`, `jobId`, `status`, `descInfo`, `batchId`, `parent_stepId`, `filterCondition`, `scheduleTime`, `startTime`, `stopTime`, `applicationId`, `completeTime`, `exception`, `lastUpdateTime`, `dataRange`, `isAlter`) VALUES (99009, 99000, 99009, 99009, 0, '未运行', 0, NULL, NULL, '0 50 * * * ?', '2020-12-29 13:50:10', '2020-12-29 13:50:50', NULL, '2020-12-29 13:50:50', 'success', '2020-12-14 20:34:17', 1, 0);
INSERT INTO `TTASK_STEP_INSTANCE`(`taskInstanceId`, `taskId`, `stepId`, `jobId`, `status`, `descInfo`, `batchId`, `parent_stepId`, `filterCondition`, `scheduleTime`, `startTime`, `stopTime`, `applicationId`, `completeTime`, `exception`, `lastUpdateTime`, `dataRange`, `isAlter`) VALUES (99010, 99000, 99010, 99010, 0, '未运行', 0, NULL, NULL, '0 55 * * * ?', '2020-12-29 13:55:10', '2020-12-29 13:55:51', NULL, '2020-12-29 13:55:51', 'success', '2020-12-14 20:34:17', 1, 0);
INSERT INTO `TTASK_STEP_INSTANCE`(`taskInstanceId`, `taskId`, `stepId`, `jobId`, `status`, `descInfo`, `batchId`, `parent_stepId`, `filterCondition`, `scheduleTime`, `startTime`, `stopTime`, `applicationId`, `completeTime`, `exception`, `lastUpdateTime`, `dataRange`, `isAlter`) VALUES (99011, 99000, 99011, 99011, 0, '未运行', 0, NULL, NULL, '0 18 * * * ?', '2020-12-29 13:18:10', '2020-12-29 13:18:45', NULL, '2020-12-29 13:18:45', 'success', '2020-12-14 20:34:17', 1, 0);
INSERT INTO `TTASK_STEP_INSTANCE`(`taskInstanceId`, `taskId`, `stepId`, `jobId`, `status`, `descInfo`, `batchId`, `parent_stepId`, `filterCondition`, `scheduleTime`, `startTime`, `stopTime`, `applicationId`, `completeTime`, `exception`, `lastUpdateTime`, `dataRange`, `isAlter`) VALUES (99012, 99000, 99012, 99012, 0, '未运行', 0, NULL, NULL, '0 28 * * * ?', '2020-12-29 13:28:10', '2020-12-29 13:28:45', NULL, '2020-12-29 13:28:45', 'success', '2020-12-14 20:34:17', 1, 0);
INSERT INTO `TTASK_STEP_INSTANCE`(`taskInstanceId`, `taskId`, `stepId`, `jobId`, `status`, `descInfo`, `batchId`, `parent_stepId`, `filterCondition`, `scheduleTime`, `startTime`, `stopTime`, `applicationId`, `completeTime`, `exception`, `lastUpdateTime`, `dataRange`, `isAlter`) VALUES (99013, 99000, 99013, 99013, 0, '未运行', 0, NULL, NULL, '0 38 * * * ?', '2020-12-29 13:38:10', '2020-12-29 13:38:45', NULL, '2020-12-29 13:38:45', 'success', '2020-12-14 20:34:17', 1, 0);
INSERT INTO `TTASK_STEP_INSTANCE`(`taskInstanceId`, `taskId`, `stepId`, `jobId`, `status`, `descInfo`, `batchId`, `parent_stepId`, `filterCondition`, `scheduleTime`, `startTime`, `stopTime`, `applicationId`, `completeTime`, `exception`, `lastUpdateTime`, `dataRange`, `isAlter`) VALUES (99014, 99000, 99014, 99014, 0, '未运行', 0, NULL, NULL, '0 48 * * * ?', '2020-12-28 11:48:10', '2020-12-28 09:48:50', NULL, '2020-12-28 09:48:50', '', '2020-12-14 20:34:17', 1, 0);
INSERT INTO `TTASK_STEP_INSTANCE`(`taskInstanceId`, `taskId`, `stepId`, `jobId`, `status`, `descInfo`, `batchId`, `parent_stepId`, `filterCondition`, `scheduleTime`, `startTime`, `stopTime`, `applicationId`, `completeTime`, `exception`, `lastUpdateTime`, `dataRange`, `isAlter`) VALUES (99101, 99100, 99101, 99101, 0, '未运行', 0, NULL, NULL, '0 15 3 * * ?', '2020-12-28 18:26:10', '2020-12-28 19:33:43', NULL, '2020-12-28 19:33:43', 'success', '2020-12-15 16:32:17', 1, 0);
INSERT INTO `TTASK_STEP_INSTANCE`(`taskInstanceId`, `taskId`, `stepId`, `jobId`, `status`, `descInfo`, `batchId`, `parent_stepId`, `filterCondition`, `scheduleTime`, `startTime`, `stopTime`, `applicationId`, `completeTime`, `exception`, `lastUpdateTime`, `dataRange`, `isAlter`) VALUES (99102, 99100, 99102, 99102, 0, '未运行', 0, NULL, NULL, '0 45 3 * * ?', '2020-12-28 18:26:10', '2020-12-28 20:18:05', NULL, '2020-12-28 20:18:05', 'success', '2020-12-16 03:10:14', 1, 0);
INSERT INTO `TTASK_STEP_INSTANCE`(`taskInstanceId`, `taskId`, `stepId`, `jobId`, `status`, `descInfo`, `batchId`, `parent_stepId`, `filterCondition`, `scheduleTime`, `startTime`, `stopTime`, `applicationId`, `completeTime`, `exception`, `lastUpdateTime`, `dataRange`, `isAlter`) VALUES (99103, 99100, 99103, 99103, 0, '未运行', 0, NULL, NULL, '0 40 2 * * ?', '2020-12-29 02:40:10', '2020-12-29 02:41:07', NULL, '2020-12-29 02:41:07', 'success', '2020-12-16 03:10:15', 1, 0);
INSERT INTO `TTASK_STEP_INSTANCE`(`taskInstanceId`, `taskId`, `stepId`, `jobId`, `status`, `descInfo`, `batchId`, `parent_stepId`, `filterCondition`, `scheduleTime`, `startTime`, `stopTime`, `applicationId`, `completeTime`, `exception`, `lastUpdateTime`, `dataRange`, `isAlter`) VALUES (99104, 99100, 99104, 99104, 0, '未运行', 0, NULL, NULL, '0 40 3 * * ?', '2020-12-29 03:40:10', '2020-12-29 03:43:16', NULL, '2020-12-29 03:43:16', 'success', '2020-12-16 03:10:15', 1, 0);
INSERT INTO `TTASK_STEP_INSTANCE`(`taskInstanceId`, `taskId`, `stepId`, `jobId`, `status`, `descInfo`, `batchId`, `parent_stepId`, `filterCondition`, `scheduleTime`, `startTime`, `stopTime`, `applicationId`, `completeTime`, `exception`, `lastUpdateTime`, `dataRange`, `isAlter`) VALUES (99105, 99100, 99105, 99105, 0, '未运行', 0, NULL, NULL, '0 40 4 * * ?', '2020-12-29 04:40:10', '2020-12-29 04:41:08', NULL, '2020-12-29 04:41:08', 'success', '2020-12-16 03:10:14', 1, 0);
INSERT INTO `TTASK_STEP_INSTANCE`(`taskInstanceId`, `taskId`, `stepId`, `jobId`, `status`, `descInfo`, `batchId`, `parent_stepId`, `filterCondition`, `scheduleTime`, `startTime`, `stopTime`, `applicationId`, `completeTime`, `exception`, `lastUpdateTime`, `dataRange`, `isAlter`) VALUES (99106, 99100, 99106, 99106, 0, '未运行', 0, NULL, NULL, '0 50 2 * * ?', '2020-12-29 02:50:10', '2020-12-29 02:51:35', NULL, '2020-12-29 02:51:35', 'success', '2020-12-16 03:10:15', 1, 0);
INSERT INTO `TTASK_STEP_INSTANCE`(`taskInstanceId`, `taskId`, `stepId`, `jobId`, `status`, `descInfo`, `batchId`, `parent_stepId`, `filterCondition`, `scheduleTime`, `startTime`, `stopTime`, `applicationId`, `completeTime`, `exception`, `lastUpdateTime`, `dataRange`, `isAlter`) VALUES (99107, 99100, 99107, 99107, 0, '未运行', 0, NULL, NULL, '0 10 2 * * ?', '2020-12-29 02:10:10', '2020-12-29 02:11:38', NULL, '2020-12-29 02:11:38', 'success', '2020-12-14 20:34:17', 1, 0);
INSERT INTO `TTASK_STEP_INSTANCE`(`taskInstanceId`, `taskId`, `stepId`, `jobId`, `status`, `descInfo`, `batchId`, `parent_stepId`, `filterCondition`, `scheduleTime`, `startTime`, `stopTime`, `applicationId`, `completeTime`, `exception`, `lastUpdateTime`, `dataRange`, `isAlter`) VALUES (99108, 99100, 99108, 99108, 0, '未运行', 0, NULL, NULL, '0 10 1 * * ?', '2020-12-29 01:10:10', '2020-12-29 01:11:16', NULL, '2020-12-29 01:11:16', 'success', '2020-12-14 20:34:17', 1, 0);
INSERT INTO `TTASK_STEP_INSTANCE`(`taskInstanceId`, `taskId`, `stepId`, `jobId`, `status`, `descInfo`, `batchId`, `parent_stepId`, `filterCondition`, `scheduleTime`, `startTime`, `stopTime`, `applicationId`, `completeTime`, `exception`, `lastUpdateTime`, `dataRange`, `isAlter`) VALUES (99109, 99100, 99109, 99109, 0, '未运行', 0, NULL, NULL, '0 10 3 * * ?', '2020-12-29 03:10:10', '2020-12-29 03:11:05', NULL, '2020-12-29 03:11:05', 'success', '2020-12-14 20:34:17', 1, 0);
INSERT INTO `TTASK_STEP_INSTANCE`(`taskInstanceId`, `taskId`, `stepId`, `jobId`, `status`, `descInfo`, `batchId`, `parent_stepId`, `filterCondition`, `scheduleTime`, `startTime`, `stopTime`, `applicationId`, `completeTime`, `exception`, `lastUpdateTime`, `dataRange`, `isAlter`) VALUES (99110, 99100, 99110, 99110, 0, '未运行', 0, NULL, NULL, '0 10 4 * * ?', '2020-12-29 04:10:10', '2020-12-29 04:11:04', NULL, '2020-12-29 04:11:04', 'success', '2020-12-14 20:34:17', 1, 0);
INSERT INTO `TTASK_STEP_INSTANCE`(`taskInstanceId`, `taskId`, `stepId`, `jobId`, `status`, `descInfo`, `batchId`, `parent_stepId`, `filterCondition`, `scheduleTime`, `startTime`, `stopTime`, `applicationId`, `completeTime`, `exception`, `lastUpdateTime`, `dataRange`, `isAlter`) VALUES (99111, 99100, 99111, 99111, 0, '未运行', 0, NULL, NULL, '0 30 2 * * ?', '2020-12-29 02:30:10', '2020-12-29 02:31:12', NULL, '2020-12-29 02:31:12', 'success', '2020-12-14 20:34:17', 1, 0);
INSERT INTO `TTASK_STEP_INSTANCE`(`taskInstanceId`, `taskId`, `stepId`, `jobId`, `status`, `descInfo`, `batchId`, `parent_stepId`, `filterCondition`, `scheduleTime`, `startTime`, `stopTime`, `applicationId`, `completeTime`, `exception`, `lastUpdateTime`, `dataRange`, `isAlter`) VALUES (99112, 99100, 99112, 99112, 0, '未运行', 0, NULL, NULL, '0 30 3 * * ?', '2020-12-29 03:30:10', '2020-12-29 03:31:14', NULL, '2020-12-29 03:31:14', 'success', '2020-12-14 20:34:17', 1, 0);
INSERT INTO `TTASK_STEP_INSTANCE`(`taskInstanceId`, `taskId`, `stepId`, `jobId`, `status`, `descInfo`, `batchId`, `parent_stepId`, `filterCondition`, `scheduleTime`, `startTime`, `stopTime`, `applicationId`, `completeTime`, `exception`, `lastUpdateTime`, `dataRange`, `isAlter`) VALUES (99113, 99100, 99113, 99113, 0, '未运行', 0, NULL, NULL, '0 30 4 * * ?', '2020-12-29 04:30:10', '2020-12-29 04:31:05', NULL, '2020-12-29 04:31:05', 'success', '2020-12-14 20:34:17', 1, 0);
INSERT INTO `TTASK_STEP_INSTANCE`(`taskInstanceId`, `taskId`, `stepId`, `jobId`, `status`, `descInfo`, `batchId`, `parent_stepId`, `filterCondition`, `scheduleTime`, `startTime`, `stopTime`, `applicationId`, `completeTime`, `exception`, `lastUpdateTime`, `dataRange`, `isAlter`) VALUES (99114, 99100, 99114, 99114, 0, '未运行', 0, NULL, NULL, '0 30 1 * * ?', '2020-12-29 01:30:10', '2020-12-29 01:32:45', NULL, '2020-12-29 01:32:45', 'success', '2020-12-14 20:34:17', 1, 0);
INSERT INTO `TTASK_STEP_INSTANCE`(`taskInstanceId`, `taskId`, `stepId`, `jobId`, `status`, `descInfo`, `batchId`, `parent_stepId`, `filterCondition`, `scheduleTime`, `startTime`, `stopTime`, `applicationId`, `completeTime`, `exception`, `lastUpdateTime`, `dataRange`, `isAlter`) VALUES (99200, 99200, 99200, 99200, 0, '未运行', 0, NULL, NULL, '0 15 03 * * ?', '2020-12-29 03:15:10', '2020-12-29 03:39:26', NULL, '2020-12-29 03:39:26', 'success', '2020-12-14 11:34:35', 1, 0);
INSERT INTO `TTASK_STEP_INSTANCE`(`taskInstanceId`, `taskId`, `stepId`, `jobId`, `status`, `descInfo`, `batchId`, `parent_stepId`, `filterCondition`, `scheduleTime`, `startTime`, `stopTime`, `applicationId`, `completeTime`, `exception`, `lastUpdateTime`, `dataRange`, `isAlter`) VALUES (99201, 99200, 99201, 99201, 0, '未运行', 0, NULL, NULL, '0 51 02 * * ?', '2020-12-29 02:51:10', '2020-12-29 13:59:03', NULL, '2020-12-29 13:56:06', '执行失败：该任务依赖的任务:99200 执行超过 30 s，此任务99200 99201 退出', '2020-12-14 11:34:35', 1, 0);
INSERT INTO `TTASK_STEP_INSTANCE`(`taskInstanceId`, `taskId`, `stepId`, `jobId`, `status`, `descInfo`, `batchId`, `parent_stepId`, `filterCondition`, `scheduleTime`, `startTime`, `stopTime`, `applicationId`, `completeTime`, `exception`, `lastUpdateTime`, `dataRange`, `isAlter`) VALUES (99202, 99200, 99202, 99202, 0, '未运行', 0, NULL, NULL, '0 40 02 * * ?', '2020-12-29 02:40:10', '2020-12-29 03:35:05', NULL, '2020-12-29 03:35:05', 'success', '2020-12-14 11:34:35', 1, 0);
INSERT INTO `TTASK_STEP_INSTANCE`(`taskInstanceId`, `taskId`, `stepId`, `jobId`, `status`, `descInfo`, `batchId`, `parent_stepId`, `filterCondition`, `scheduleTime`, `startTime`, `stopTime`, `applicationId`, `completeTime`, `exception`, `lastUpdateTime`, `dataRange`, `isAlter`) VALUES (99203, 99200, 99203, 99203, 0, '未运行', 0, NULL, NULL, '0 40 03 * * ?', '2020-12-29 03:40:10', '2020-12-29 03:42:25', NULL, '2020-12-29 03:42:25', 'success', '2020-12-14 11:34:35', 1, 0);
INSERT INTO `TTASK_STEP_INSTANCE`(`taskInstanceId`, `taskId`, `stepId`, `jobId`, `status`, `descInfo`, `batchId`, `parent_stepId`, `filterCondition`, `scheduleTime`, `startTime`, `stopTime`, `applicationId`, `completeTime`, `exception`, `lastUpdateTime`, `dataRange`, `isAlter`) VALUES (99204, 99200, 99204, 99204, 0, '未运行', 0, NULL, NULL, '0 40 04 * * ?', '2020-12-29 04:40:10', '2020-12-29 04:42:25', NULL, '2020-12-29 04:42:25', 'success', '2020-12-14 11:34:35', 1, 0);
INSERT INTO `TTASK_STEP_INSTANCE`(`taskInstanceId`, `taskId`, `stepId`, `jobId`, `status`, `descInfo`, `batchId`, `parent_stepId`, `filterCondition`, `scheduleTime`, `startTime`, `stopTime`, `applicationId`, `completeTime`, `exception`, `lastUpdateTime`, `dataRange`, `isAlter`) VALUES (99205, 99200, 99205, 99205, 0, '未运行', 0, NULL, NULL, '0 40 05 * * ?', '2020-12-29 05:40:10', '2020-12-29 05:42:21', NULL, '2020-12-29 05:42:21', 'success', '2020-12-14 11:34:35', 1, 0);
INSERT INTO `TTASK_STEP_INSTANCE`(`taskInstanceId`, `taskId`, `stepId`, `jobId`, `status`, `descInfo`, `batchId`, `parent_stepId`, `filterCondition`, `scheduleTime`, `startTime`, `stopTime`, `applicationId`, `completeTime`, `exception`, `lastUpdateTime`, `dataRange`, `isAlter`) VALUES (99206, 99200, 99206, 99206, 0, '未运行', 0, NULL, NULL, '0 20 01 * * ?', '2020-12-29 01:20:10', '2020-12-29 03:52:39', NULL, '2020-12-29 03:52:39', 'success', '2020-12-14 11:34:35', 1, 0);
INSERT INTO `TTASK_STEP_INSTANCE`(`taskInstanceId`, `taskId`, `stepId`, `jobId`, `status`, `descInfo`, `batchId`, `parent_stepId`, `filterCondition`, `scheduleTime`, `startTime`, `stopTime`, `applicationId`, `completeTime`, `exception`, `lastUpdateTime`, `dataRange`, `isAlter`) VALUES (99207, 99200, 99207, 99207, 0, '未运行', 0, NULL, NULL, '0 20 02 * * ?', '2020-12-29 02:20:10', '2020-12-29 03:22:28', NULL, '2020-12-29 03:22:28', 'success', '2020-12-14 11:34:35', 1, 0);
INSERT INTO `TTASK_STEP_INSTANCE`(`taskInstanceId`, `taskId`, `stepId`, `jobId`, `status`, `descInfo`, `batchId`, `parent_stepId`, `filterCondition`, `scheduleTime`, `startTime`, `stopTime`, `applicationId`, `completeTime`, `exception`, `lastUpdateTime`, `dataRange`, `isAlter`) VALUES (99208, 99200, 99208, 99208, 0, '未运行', 0, NULL, NULL, '0 20 03 * * ?', '2020-12-29 03:20:10', '2020-12-29 03:52:38', NULL, '2020-12-29 03:52:38', 'success', '2020-12-14 11:34:35', 1, 0);
INSERT INTO `TTASK_STEP_INSTANCE`(`taskInstanceId`, `taskId`, `stepId`, `jobId`, `status`, `descInfo`, `batchId`, `parent_stepId`, `filterCondition`, `scheduleTime`, `startTime`, `stopTime`, `applicationId`, `completeTime`, `exception`, `lastUpdateTime`, `dataRange`, `isAlter`) VALUES (99300, 99300, 99300, 99300, 0, '未运行', 0, NULL, NULL, '0 00 04 * * ?', '2020-12-29 04:00:10', '2020-12-29 04:01:32', NULL, '2020-12-29 04:01:32', 'success', '2020-12-17 15:12:26', 1, 0);
INSERT INTO `TTASK_STEP_INSTANCE`(`taskInstanceId`, `taskId`, `stepId`, `jobId`, `status`, `descInfo`, `batchId`, `parent_stepId`, `filterCondition`, `scheduleTime`, `startTime`, `stopTime`, `applicationId`, `completeTime`, `exception`, `lastUpdateTime`, `dataRange`, `isAlter`) VALUES (99301, 99300, 99301, 99301, 0, '未运行', 0, NULL, NULL, '0 20 04 * * ?', '2020-12-29 04:20:10', '2020-12-29 04:21:28', NULL, '2020-12-29 04:21:28', 'success', '2020-12-17 15:12:26', 1, 0);
INSERT INTO `TTASK_STEP_INSTANCE`(`taskInstanceId`, `taskId`, `stepId`, `jobId`, `status`, `descInfo`, `batchId`, `parent_stepId`, `filterCondition`, `scheduleTime`, `startTime`, `stopTime`, `applicationId`, `completeTime`, `exception`, `lastUpdateTime`, `dataRange`, `isAlter`) VALUES (99302, 99302, 99302, 99302, 0, '未运行', 0, NULL, NULL, '0 20 10 * * ?', '2020-12-29 10:20:10', '2020-12-29 12:33:36', NULL, '2020-12-29 12:33:36', 'success', '2020-12-17 15:12:26', 1, 0);
INSERT INTO `TTASK_STEP_INSTANCE`(`taskInstanceId`, `taskId`, `stepId`, `jobId`, `status`, `descInfo`, `batchId`, `parent_stepId`, `filterCondition`, `scheduleTime`, `startTime`, `stopTime`, `applicationId`, `completeTime`, `exception`, `lastUpdateTime`, `dataRange`, `isAlter`) VALUES (99400, 99400, 99400, 99400, 0, '未运行', 0, NULL, NULL, '0 0 4 * * ?', '2020-12-29 04:00:10', '2020-12-29 04:02:56', NULL, '2020-12-29 04:02:56', 'success', '2020-12-17 15:12:26', 1, 0);
INSERT INTO `TTASK_STEP_INSTANCE`(`taskInstanceId`, `taskId`, `stepId`, `jobId`, `status`, `descInfo`, `batchId`, `parent_stepId`, `filterCondition`, `scheduleTime`, `startTime`, `stopTime`, `applicationId`, `completeTime`, `exception`, `lastUpdateTime`, `dataRange`, `isAlter`) VALUES (99401, 99401, 99401, 99401, 0, '未运行', 0, NULL, NULL, '0 3 11 * * ?', '2020-12-28 11:03:10', '2020-12-28 11:04:00', NULL, '2020-12-28 11:04:00', 'success', '2020-12-17 15:12:26', 1, 0);
INSERT INTO `TTASK_STEP_INSTANCE`(`taskInstanceId`, `taskId`, `stepId`, `jobId`, `status`, `descInfo`, `batchId`, `parent_stepId`, `filterCondition`, `scheduleTime`, `startTime`, `stopTime`, `applicationId`, `completeTime`, `exception`, `lastUpdateTime`, `dataRange`, `isAlter`) VALUES (99800, 99800, 99800, 99800, 0, '未运行', 0, NULL, NULL, '0 15 01 * * ?', '2020-12-29 01:15:10', '2020-12-29 01:43:40', NULL, '2020-12-29 01:43:40', 'success', '2020-12-14 11:34:35', 1, 0);
INSERT INTO `TTASK_STEP_INSTANCE`(`taskInstanceId`, `taskId`, `stepId`, `jobId`, `status`, `descInfo`, `batchId`, `parent_stepId`, `filterCondition`, `scheduleTime`, `startTime`, `stopTime`, `applicationId`, `completeTime`, `exception`, `lastUpdateTime`, `dataRange`, `isAlter`) VALUES (99801, 99800, 99801, 99801, 0, '未运行', 0, NULL, NULL, '0 35 01 * * ?', '2020-12-29 01:35:10', '2020-12-29 02:30:29', NULL, '2020-12-29 02:30:29', 'success', '2020-12-16 19:35:08', 1, 0);
INSERT INTO `TTASK_STEP_INSTANCE`(`taskInstanceId`, `taskId`, `stepId`, `jobId`, `status`, `descInfo`, `batchId`, `parent_stepId`, `filterCondition`, `scheduleTime`, `startTime`, `stopTime`, `applicationId`, `completeTime`, `exception`, `lastUpdateTime`, `dataRange`, `isAlter`) VALUES (99802, 99800, 99802, 99802, 0, '未运行', 0, NULL, NULL, '0 30 0 * * ?', '2020-12-29 00:30:10', '2020-12-29 00:32:03', NULL, '2020-12-29 00:32:03', 'success', '2020-12-17 01:10:08', 1, 0);
INSERT INTO `TTASK_STEP_INSTANCE`(`taskInstanceId`, `taskId`, `stepId`, `jobId`, `status`, `descInfo`, `batchId`, `parent_stepId`, `filterCondition`, `scheduleTime`, `startTime`, `stopTime`, `applicationId`, `completeTime`, `exception`, `lastUpdateTime`, `dataRange`, `isAlter`) VALUES (99803, 99800, 99803, 99803, 0, '未运行', 0, NULL, NULL, '0 30 01 * * ?', '2020-12-29 01:30:10', '2020-12-29 01:33:07', NULL, '2020-12-29 01:33:07', 'success', '2020-12-17 00:30:08', 1, 0);
INSERT INTO `TTASK_STEP_INSTANCE`(`taskInstanceId`, `taskId`, `stepId`, `jobId`, `status`, `descInfo`, `batchId`, `parent_stepId`, `filterCondition`, `scheduleTime`, `startTime`, `stopTime`, `applicationId`, `completeTime`, `exception`, `lastUpdateTime`, `dataRange`, `isAlter`) VALUES (99804, 99800, 99804, 99804, 0, '未运行', 0, NULL, NULL, '0 20 0 * * ?', '2020-12-29 00:20:10', '2020-12-29 00:21:17', NULL, '2020-12-29 00:21:17', 'success', '2020-12-17 01:30:08', 1, 0);
INSERT INTO `TTASK_STEP_INSTANCE`(`taskInstanceId`, `taskId`, `stepId`, `jobId`, `status`, `descInfo`, `batchId`, `parent_stepId`, `filterCondition`, `scheduleTime`, `startTime`, `stopTime`, `applicationId`, `completeTime`, `exception`, `lastUpdateTime`, `dataRange`, `isAlter`) VALUES (99805, 99800, 99805, 99805, 0, '未运行', 0, NULL, NULL, '0 30 0 * * ?', '2020-12-29 00:30:10', '2020-12-29 00:31:42', NULL, '2020-12-29 00:31:42', 'success', '2020-12-17 00:20:08', 1, 0);
INSERT INTO `TTASK_STEP_INSTANCE`(`taskInstanceId`, `taskId`, `stepId`, `jobId`, `status`, `descInfo`, `batchId`, `parent_stepId`, `filterCondition`, `scheduleTime`, `startTime`, `stopTime`, `applicationId`, `completeTime`, `exception`, `lastUpdateTime`, `dataRange`, `isAlter`) VALUES (99806, 99800, 99806, 99806, 0, '未运行', 0, NULL, NULL, '0 30 01 * * ?', '2020-12-29 01:30:10', '2020-12-29 01:38:31', NULL, '2020-12-29 01:38:31', 'success', '2020-12-17 00:30:08', 1, 0);
INSERT INTO `TTASK_STEP_INSTANCE`(`taskInstanceId`, `taskId`, `stepId`, `jobId`, `status`, `descInfo`, `batchId`, `parent_stepId`, `filterCondition`, `scheduleTime`, `startTime`, `stopTime`, `applicationId`, `completeTime`, `exception`, `lastUpdateTime`, `dataRange`, `isAlter`) VALUES (99807, 99800, 99807, 99807, 0, '未运行', 0, NULL, NULL, '0 50 02 * * ?', '2020-12-29 02:50:10', '2020-12-29 02:51:16', NULL, '2020-12-29 02:51:16', 'success', '2020-12-17 01:30:08', 1, 0);
INSERT INTO `TTASK_STEP_INSTANCE`(`taskInstanceId`, `taskId`, `stepId`, `jobId`, `status`, `descInfo`, `batchId`, `parent_stepId`, `filterCondition`, `scheduleTime`, `startTime`, `stopTime`, `applicationId`, `completeTime`, `exception`, `lastUpdateTime`, `dataRange`, `isAlter`) VALUES (99808, 99800, 99808, 99808, 0, '未运行', 0, NULL, NULL, '0 10 01 * * ?', '2020-12-29 01:10:10', '2020-12-29 01:11:38', NULL, '2020-12-29 01:11:38', 'success', '2020-12-17 02:50:08', 1, 0);
INSERT INTO `TTASK_STEP_INSTANCE`(`taskInstanceId`, `taskId`, `stepId`, `jobId`, `status`, `descInfo`, `batchId`, `parent_stepId`, `filterCondition`, `scheduleTime`, `startTime`, `stopTime`, `applicationId`, `completeTime`, `exception`, `lastUpdateTime`, `dataRange`, `isAlter`) VALUES (99809, 99800, 99809, 99809, 0, '未运行', 0, NULL, NULL, '0 50 01 * * ?', '2020-12-29 01:50:10', '2020-12-29 01:51:24', NULL, '2020-12-29 01:51:24', 'success', '2020-12-17 01:10:08', 1, 0);
INSERT INTO `TTASK_STEP_INSTANCE`(`taskInstanceId`, `taskId`, `stepId`, `jobId`, `status`, `descInfo`, `batchId`, `parent_stepId`, `filterCondition`, `scheduleTime`, `startTime`, `stopTime`, `applicationId`, `completeTime`, `exception`, `lastUpdateTime`, `dataRange`, `isAlter`) VALUES (99810, 99800, 99810, 99810, 0, '未运行', 0, NULL, NULL, '0 10 02 * * ?', '2020-12-29 02:10:10', '2020-12-29 02:12:12', NULL, '2020-12-29 02:12:12', 'success', '2020-12-17 01:50:08', 1, 0);
INSERT INTO `TTASK_STEP_INSTANCE`(`taskInstanceId`, `taskId`, `stepId`, `jobId`, `status`, `descInfo`, `batchId`, `parent_stepId`, `filterCondition`, `scheduleTime`, `startTime`, `stopTime`, `applicationId`, `completeTime`, `exception`, `lastUpdateTime`, `dataRange`, `isAlter`) VALUES (99811, 99800, 99811, 99811, 0, '未运行', 0, NULL, NULL, '0 15 01 * * ?', '2020-12-29 01:15:10', '2020-12-29 01:16:57', NULL, '2020-12-29 01:16:57', 'success', '2020-12-17 02:10:08', 1, 0);
INSERT INTO `TTASK_STEP_INSTANCE`(`taskInstanceId`, `taskId`, `stepId`, `jobId`, `status`, `descInfo`, `batchId`, `parent_stepId`, `filterCondition`, `scheduleTime`, `startTime`, `stopTime`, `applicationId`, `completeTime`, `exception`, `lastUpdateTime`, `dataRange`, `isAlter`) VALUES (99812, 99800, 99812, 99812, 0, '未运行', 0, NULL, NULL, '0 20 02 * * ?', '2020-12-29 02:20:10', '2020-12-29 02:21:43', NULL, '2020-12-29 02:21:43', 'success', '2020-12-17 01:15:08', 1, 0);
INSERT INTO `TTASK_STEP_INSTANCE`(`taskInstanceId`, `taskId`, `stepId`, `jobId`, `status`, `descInfo`, `batchId`, `parent_stepId`, `filterCondition`, `scheduleTime`, `startTime`, `stopTime`, `applicationId`, `completeTime`, `exception`, `lastUpdateTime`, `dataRange`, `isAlter`) VALUES (99813, 99800, 99813, 99813, 0, '未运行', 0, NULL, NULL, '0 30 01 * * ?', '2020-12-29 01:30:10', '2020-12-29 01:32:27', NULL, '2020-12-29 01:32:27', 'success', '2020-12-17 01:30:08', 1, 0);
INSERT INTO `TTASK_STEP_INSTANCE`(`taskInstanceId`, `taskId`, `stepId`, `jobId`, `status`, `descInfo`, `batchId`, `parent_stepId`, `filterCondition`, `scheduleTime`, `startTime`, `stopTime`, `applicationId`, `completeTime`, `exception`, `lastUpdateTime`, `dataRange`, `isAlter`) VALUES (99900, 99900, 99900, 99900, 0, '未运行', 0, NULL, NULL, '0 30 02 * * ?', '2020-12-29 02:30:10', '2020-12-29 02:40:59', NULL, '2020-12-29 02:40:59', 'success', '2020-12-14 11:34:35', 1, 0);
INSERT INTO `TTASK_STEP_INSTANCE`(`taskInstanceId`, `taskId`, `stepId`, `jobId`, `status`, `descInfo`, `batchId`, `parent_stepId`, `filterCondition`, `scheduleTime`, `startTime`, `stopTime`, `applicationId`, `completeTime`, `exception`, `lastUpdateTime`, `dataRange`, `isAlter`) VALUES (99901, 99900, 99901, 99901, 0, '未运行', 0, NULL, NULL, '0 10 01 * * ?', '2020-12-29 01:10:10', '2020-12-29 01:20:34', NULL, '2020-12-29 01:20:34', 'success', '2020-12-14 11:34:35', 1, 0);
INSERT INTO `TTASK_STEP_INSTANCE`(`taskInstanceId`, `taskId`, `stepId`, `jobId`, `status`, `descInfo`, `batchId`, `parent_stepId`, `filterCondition`, `scheduleTime`, `startTime`, `stopTime`, `applicationId`, `completeTime`, `exception`, `lastUpdateTime`, `dataRange`, `isAlter`) VALUES (99902, 99900, 99902, 99902, 0, '未运行', 0, NULL, NULL, '0 30 0 * * ?', '2020-12-29 00:30:10', '2020-12-29 00:32:14', NULL, '2020-12-29 00:32:14', 'success', '2020-12-14 11:34:35', 1, 0);
INSERT INTO `TTASK_STEP_INSTANCE`(`taskInstanceId`, `taskId`, `stepId`, `jobId`, `status`, `descInfo`, `batchId`, `parent_stepId`, `filterCondition`, `scheduleTime`, `startTime`, `stopTime`, `applicationId`, `completeTime`, `exception`, `lastUpdateTime`, `dataRange`, `isAlter`) VALUES (99903, 99900, 99903, 99903, 0, '未运行', 0, NULL, NULL, '0 30 01 * * ?', '2020-12-29 01:30:10', '2020-12-29 01:34:08', NULL, '2020-12-29 01:34:08', 'success', '2020-12-14 11:34:35', 1, 0);
INSERT INTO `TTASK_STEP_INSTANCE`(`taskInstanceId`, `taskId`, `stepId`, `jobId`, `status`, `descInfo`, `batchId`, `parent_stepId`, `filterCondition`, `scheduleTime`, `startTime`, `stopTime`, `applicationId`, `completeTime`, `exception`, `lastUpdateTime`, `dataRange`, `isAlter`) VALUES (99904, 99900, 99904, 99904, 0, '未运行', 0, NULL, NULL, '0 20 0 * * ?', '2020-12-29 00:20:10', '2020-12-29 00:22:02', NULL, '2020-12-29 00:22:02', 'success', '2020-12-14 11:34:35', 1, 0);
INSERT INTO `TTASK_STEP_INSTANCE`(`taskInstanceId`, `taskId`, `stepId`, `jobId`, `status`, `descInfo`, `batchId`, `parent_stepId`, `filterCondition`, `scheduleTime`, `startTime`, `stopTime`, `applicationId`, `completeTime`, `exception`, `lastUpdateTime`, `dataRange`, `isAlter`) VALUES (99905, 99900, 99905, 99905, 0, '未运行', 0, NULL, NULL, '0 30 0 * * ?', '2020-12-29 00:30:10', '2020-12-29 00:32:13', NULL, '2020-12-29 00:32:13', 'success', '2020-12-14 11:34:35', 1, 0);
INSERT INTO `TTASK_STEP_INSTANCE`(`taskInstanceId`, `taskId`, `stepId`, `jobId`, `status`, `descInfo`, `batchId`, `parent_stepId`, `filterCondition`, `scheduleTime`, `startTime`, `stopTime`, `applicationId`, `completeTime`, `exception`, `lastUpdateTime`, `dataRange`, `isAlter`) VALUES (99906, 99900, 99906, 99906, 0, '未运行', 0, NULL, NULL, '0 40 01 * * ?', '2020-12-29 01:40:10', '2020-12-29 01:45:09', NULL, '2020-12-29 01:45:09', 'success', '2020-12-14 11:34:35', 1, 0);
INSERT INTO `TTASK_STEP_INSTANCE`(`taskInstanceId`, `taskId`, `stepId`, `jobId`, `status`, `descInfo`, `batchId`, `parent_stepId`, `filterCondition`, `scheduleTime`, `startTime`, `stopTime`, `applicationId`, `completeTime`, `exception`, `lastUpdateTime`, `dataRange`, `isAlter`) VALUES (99907, 99900, 99907, 99907, 0, '未运行', 0, NULL, NULL, '0 20 02 * * ?', '2020-12-29 02:20:10', '2020-12-29 02:22:11', NULL, '2020-12-29 02:22:11', 'success', '2020-12-14 11:34:35', 1, 0);
INSERT INTO `TTASK_STEP_INSTANCE`(`taskInstanceId`, `taskId`, `stepId`, `jobId`, `status`, `descInfo`, `batchId`, `parent_stepId`, `filterCondition`, `scheduleTime`, `startTime`, `stopTime`, `applicationId`, `completeTime`, `exception`, `lastUpdateTime`, `dataRange`, `isAlter`) VALUES (99908, 99900, 99908, 99908, 0, '未运行', 0, NULL, NULL, '0 20 01 * * ?', '2020-12-29 01:20:10', '2020-12-29 01:21:45', NULL, '2020-12-29 01:21:45', 'success', '2020-12-14 11:34:35', 1, 0);
INSERT INTO `TTASK_STEP_INSTANCE`(`taskInstanceId`, `taskId`, `stepId`, `jobId`, `status`, `descInfo`, `batchId`, `parent_stepId`, `filterCondition`, `scheduleTime`, `startTime`, `stopTime`, `applicationId`, `completeTime`, `exception`, `lastUpdateTime`, `dataRange`, `isAlter`) VALUES (99909, 99900, 99909, 99909, 0, '未运行', 0, NULL, NULL, '0 50 01 * * ?', '2020-12-29 01:50:10', '2020-12-29 01:51:39', NULL, '2020-12-29 01:51:39', 'success', '2020-12-14 11:34:35', 1, 0);
INSERT INTO `TTASK_STEP_INSTANCE`(`taskInstanceId`, `taskId`, `stepId`, `jobId`, `status`, `descInfo`, `batchId`, `parent_stepId`, `filterCondition`, `scheduleTime`, `startTime`, `stopTime`, `applicationId`, `completeTime`, `exception`, `lastUpdateTime`, `dataRange`, `isAlter`) VALUES (99910, 99900, 99910, 99910, 0, '未运行', 0, NULL, NULL, '0 10 02 * * ?', '2020-12-29 02:10:10', '2020-12-29 02:12:03', NULL, '2020-12-29 02:12:03', 'success', '2020-12-14 11:34:35', 1, 0);
INSERT INTO `TTASK_STEP_INSTANCE`(`taskInstanceId`, `taskId`, `stepId`, `jobId`, `status`, `descInfo`, `batchId`, `parent_stepId`, `filterCondition`, `scheduleTime`, `startTime`, `stopTime`, `applicationId`, `completeTime`, `exception`, `lastUpdateTime`, `dataRange`, `isAlter`) VALUES (99911, 99900, 99911, 99911, 0, '未运行', 0, NULL, NULL, '0 15 01 * * ?', '2020-12-29 01:15:10', '2020-12-29 01:17:25', NULL, '2020-12-29 01:17:25', 'success', '2020-12-14 11:34:35', 1, 0);
INSERT INTO `TTASK_STEP_INSTANCE`(`taskInstanceId`, `taskId`, `stepId`, `jobId`, `status`, `descInfo`, `batchId`, `parent_stepId`, `filterCondition`, `scheduleTime`, `startTime`, `stopTime`, `applicationId`, `completeTime`, `exception`, `lastUpdateTime`, `dataRange`, `isAlter`) VALUES (99912, 99900, 99912, 99912, 0, '未运行', 0, NULL, NULL, '0 20 01 * * ?', '2020-12-29 01:20:10', '2020-12-29 01:21:40', NULL, '2020-12-29 01:21:40', 'success', '2020-12-14 11:34:35', 1, 0);
INSERT INTO `TTASK_STEP_INSTANCE`(`taskInstanceId`, `taskId`, `stepId`, `jobId`, `status`, `descInfo`, `batchId`, `parent_stepId`, `filterCondition`, `scheduleTime`, `startTime`, `stopTime`, `applicationId`, `completeTime`, `exception`, `lastUpdateTime`, `dataRange`, `isAlter`) VALUES (99913, 99900, 99913, 99913, 0, '未运行', 0, NULL, NULL, '0 30 01 * * ?', '2020-12-29 01:30:10', '2020-12-29 01:34:36', NULL, '2020-12-29 01:34:36', 'success', '2020-12-17 15:12:26', 1, 0);
INSERT INTO `TTASK_STEP_INSTANCE`(`taskInstanceId`, `taskId`, `stepId`, `jobId`, `status`, `descInfo`, `batchId`, `parent_stepId`, `filterCondition`, `scheduleTime`, `startTime`, `stopTime`, `applicationId`, `completeTime`, `exception`, `lastUpdateTime`, `dataRange`, `isAlter`) VALUES (100000, 100000, 100000, 100000, 0, '未运行', 0, NULL, NULL, '0 39 09 * * ?', '2020-12-29 09:39:10', '2020-12-29 09:39:13', NULL, '2020-12-29 09:39:13', 'success', '2020-12-23 10:25:45', 24, 0);


-- 融合3.0新增任务配置
INSERT INTO `TTASK`(`taskId`, `taskName`, `taskType`, `sceneName`, `sceneVersion`, `streamAnalyse`, `isPreset`, `isAvail`, `isDel`, `descInfo`, `sourceCode`, `createdTime`, `lastUpdateTime`, `uuid`, `flowAppId`) VALUES (99303, '人脸Id与人员证件关联', 1, NULL, '', 2, 1, 1, 2, ' ', NULL, '2020-12-08 17:38:03', '2021-03-25 18:47:51', ' ', NULL);
INSERT INTO `TTASK`(`taskId`, `taskName`, `taskType`, `sceneName`, `sceneVersion`, `streamAnalyse`, `isPreset`, `isAvail`, `isDel`, `descInfo`, `sourceCode`, `createdTime`, `lastUpdateTime`, `uuid`, `flowAppId`) VALUES (99304, '人员Id与车辆(主副驾驶)关联', 1, NULL, '', 2, 1, 1, 2, ' ', NULL, '2020-12-08 17:38:03', '2021-03-25 17:31:17', ' ', NULL);
INSERT INTO `TTASK`(`taskId`, `taskName`, `taskType`, `sceneName`, `sceneVersion`, `streamAnalyse`, `isPreset`, `isAvail`, `isDel`, `descInfo`, `sourceCode`, `createdTime`, `lastUpdateTime`, `uuid`, `flowAppId`) VALUES (99305, '人员Id与人体Id关联', 1, NULL, '', 2, 1, 1, 2, ' ', NULL, '2020-12-08 17:38:03', '2021-03-26 17:00:07', ' ', NULL);
INSERT INTO `TTASK`(`taskId`, `taskName`, `taskType`, `sceneName`, `sceneVersion`, `streamAnalyse`, `isPreset`, `isAvail`, `isDel`, `descInfo`, `sourceCode`, `createdTime`, `lastUpdateTime`, `uuid`, `flowAppId`) VALUES (99403, 'mpp同步数据到hive-人脸抓拍2', 1, NULL, '', 2, 1, 1, 2, '', NULL, '2020-12-08 17:38:03', '2021-03-25 14:55:20', '', NULL);
INSERT INTO `TTASK`(`taskId`, `taskName`, `taskType`, `sceneName`, `sceneVersion`, `streamAnalyse`, `isPreset`, `isAvail`, `isDel`, `descInfo`, `sourceCode`, `createdTime`, `lastUpdateTime`, `uuid`, `flowAppId`) VALUES (99405, 'mpp同步数据到hive-电围', 1, NULL, '', 2, 1, 1, 2, '', NULL, '2021-02-05 10:24:52', '2021-03-25 14:55:15', '', '');
INSERT INTO `TTASK`(`taskId`, `taskName`, `taskType`, `sceneName`, `sceneVersion`, `streamAnalyse`, `isPreset`, `isAvail`, `isDel`, `descInfo`, `sourceCode`, `createdTime`, `lastUpdateTime`, `uuid`, `flowAppId`) VALUES (99406, 'mpp同步数据到hive-车辆', 1, NULL, '', 2, 1, 1, 2, '', NULL, '2021-02-05 10:24:52', '2021-03-25 14:55:11', '', '');
INSERT INTO `TTASK`(`taskId`, `taskName`, `taskType`, `sceneName`, `sceneVersion`, `streamAnalyse`, `isPreset`, `isAvail`, `isDel`, `descInfo`, `sourceCode`, `createdTime`, `lastUpdateTime`, `uuid`, `flowAppId`) VALUES (99407, 'mpp同步数据到hive-人脸', 1, NULL, '', 2, 1, 1, 2, '', NULL, '2021-02-05 10:24:52', '2021-03-25 14:55:07', '', '');
INSERT INTO `TTASK`(`taskId`, `taskName`, `taskType`, `sceneName`, `sceneVersion`, `streamAnalyse`, `isPreset`, `isAvail`, `isDel`, `descInfo`, `sourceCode`, `createdTime`, `lastUpdateTime`, `uuid`, `flowAppId`) VALUES (99408, 'mpp同步数据到hive-同乘', 1, NULL, '', 2, 1, 1, 2, '', NULL, '2021-02-05 10:24:52', '2021-03-25 14:55:02', '', NULL);
INSERT INTO `TTASK`(`taskId`, `taskName`, `taskType`, `sceneName`, `sceneVersion`, `streamAnalyse`, `isPreset`, `isAvail`, `isDel`, `descInfo`, `sourceCode`, `createdTime`, `lastUpdateTime`, `uuid`, `flowAppId`) VALUES (99409, 'mpp同步数据到hive-视频', 1, NULL, '', 2, 1, 1, 2, '', NULL, '2020-12-08 17:38:03', '2021-03-25 14:54:54', ' ', '');
INSERT INTO `TTASK`(`taskId`, `taskName`, `taskType`, `sceneName`, `sceneVersion`, `streamAnalyse`, `isPreset`, `isAvail`, `isDel`, `descInfo`, `sourceCode`, `createdTime`, `lastUpdateTime`, `uuid`, `flowAppId`) VALUES (99410, '人档轨迹统计', 1, NULL, '', 2, 1, 2, 2, '', NULL, '2021-02-05 10:24:52', '2021-03-24 17:22:51', '', NULL);
INSERT INTO `TTASK`(`taskId`, `taskName`, `taskType`, `sceneName`, `sceneVersion`, `streamAnalyse`, `isPreset`, `isAvail`, `isDel`, `descInfo`, `sourceCode`, `createdTime`, `lastUpdateTime`, `uuid`, `flowAppId`) VALUES (99500, '关联关系统计', 1, NULL, ' ', 2, 1, 1, 2, '关联关系统计', NULL, '2021-03-17 16:55:18', '2021-03-29 10:27:31', ' ', NULL);

INSERT INTO `TTASK_STEP`(`stepId`, `taskId`, `prevStepIds`, `name`, `descInfo`, `cronExpr`, `nextStartTime`, `tblCNNames`, `tblENNames`, `modelId`, `modelName`, `createdTime`, `lastUpdateTime`) VALUES (99303, 99303, '-1', '人脸Id与人员证件关联', NULL, '0 43 04 * * ?', '2021-03-28 18:49:00', '人脸Id与人员证件关联', NULL, 0, '人脸Id与人员证件关联', '2020-12-08 17:39:58', '2021-03-29 11:14:20');
INSERT INTO `TTASK_STEP`(`stepId`, `taskId`, `prevStepIds`, `name`, `descInfo`, `cronExpr`, `nextStartTime`, `tblCNNames`, `tblENNames`, `modelId`, `modelName`, `createdTime`, `lastUpdateTime`) VALUES (99304, 99304, '-1', '人员Id与车辆(主副驾驶)关联', NULL, '0 43 01 * * ?', '2021-03-28 17:33:00', '人员Id与车辆(主副驾驶)关联', NULL, 0, '人员Id与车辆(主副驾驶)关联', '2020-12-08 17:39:58', '2021-03-29 11:14:20');
INSERT INTO `TTASK_STEP`(`stepId`, `taskId`, `prevStepIds`, `name`, `descInfo`, `cronExpr`, `nextStartTime`, `tblCNNames`, `tblENNames`, `modelId`, `modelName`, `createdTime`, `lastUpdateTime`) VALUES (99305, 99305, '99501', '人员Id与人体Id关联', NULL, '0 33 03 * * ?', '2021-03-28 17:02:00', '人员Id与人体Id关联', NULL, 0, '人员Id与人体Id关联', '2020-12-08 17:39:58', '2021-03-29 11:14:20');
INSERT INTO `TTASK_STEP`(`stepId`, `taskId`, `prevStepIds`, `name`, `descInfo`, `cronExpr`, `nextStartTime`, `tblCNNames`, `tblENNames`, `modelId`, `modelName`, `createdTime`, `lastUpdateTime`) VALUES (99403, 99403, '-1', 'mpp同步数据到hive-人脸抓拍2', NULL, '0 0 0-23 * * ?', '2021-03-29 11:00:00', 'mpp同步数据到hive-人脸抓拍2', NULL, 0, 'mpp同步数据到hive-人脸抓拍2', '2020-12-08 17:39:58', '2021-03-29 10:59:59');
INSERT INTO `TTASK_STEP`(`stepId`, `taskId`, `prevStepIds`, `name`, `descInfo`, `cronExpr`, `nextStartTime`, `tblCNNames`, `tblENNames`, `modelId`, `modelName`, `createdTime`, `lastUpdateTime`) VALUES (99405, 99405, '-1', 'mpp同步数据到hive-电围', NULL, '0 0 0-23 * * ?', '2021-03-29 11:00:00', 'mpp同步数据到hive-电围', NULL, 0, 'mpp同步数据到hive-电围', '2021-02-05 10:10:00', '2021-03-29 11:00:00');
INSERT INTO `TTASK_STEP`(`stepId`, `taskId`, `prevStepIds`, `name`, `descInfo`, `cronExpr`, `nextStartTime`, `tblCNNames`, `tblENNames`, `modelId`, `modelName`, `createdTime`, `lastUpdateTime`) VALUES (99406, 99406, '-1', 'mpp同步数据到hive-车辆', NULL, '0 0 0-23 * * ?', '2021-03-29 11:00:00', 'mpp同步数据到hive-车辆', NULL, 0, 'mpp同步数据到hive-车辆', '2021-02-05 10:10:00', '2021-03-29 11:00:00');
INSERT INTO `TTASK_STEP`(`stepId`, `taskId`, `prevStepIds`, `name`, `descInfo`, `cronExpr`, `nextStartTime`, `tblCNNames`, `tblENNames`, `modelId`, `modelName`, `createdTime`, `lastUpdateTime`) VALUES (99407, 99407, '-1', 'mpp同步数据到hive-人脸', NULL, '0 0 0-23 * * ?', '2021-03-29 11:00:00', 'mpp同步数据到hive-人脸', NULL, 0, 'mpp同步数据到hive-人脸', '2021-02-05 10:10:00', '2021-03-29 11:00:00');
INSERT INTO `TTASK_STEP`(`stepId`, `taskId`, `prevStepIds`, `name`, `descInfo`, `cronExpr`, `nextStartTime`, `tblCNNames`, `tblENNames`, `modelId`, `modelName`, `createdTime`, `lastUpdateTime`) VALUES (99408, 99408, '-1', 'mpp同步数据到hive-同乘', NULL, '0 0 0-23 * * ?', '2021-03-29 11:00:00', 'mpp同步数据到hive-同乘', NULL, 0, 'mpp同步数据到hive-同乘', '2021-02-05 10:10:00', '2021-03-29 11:00:00');
INSERT INTO `TTASK_STEP`(`stepId`, `taskId`, `prevStepIds`, `name`, `descInfo`, `cronExpr`, `nextStartTime`, `tblCNNames`, `tblENNames`, `modelId`, `modelName`, `createdTime`, `lastUpdateTime`) VALUES (99409, 99409, '-1', 'mpp同步数据到hive-视频', NULL, '0 0 0-23 * * ?', '2021-03-29 11:00:00', 'mpp同步数据到hive-视频', NULL, 0, 'mpp同步数据到hive-视频', '2021-02-05 10:10:00', '2021-03-29 11:00:00');
INSERT INTO `TTASK_STEP`(`stepId`, `taskId`, `prevStepIds`, `name`, `descInfo`, `cronExpr`, `nextStartTime`, `tblCNNames`, `tblENNames`, `modelId`, `modelName`, `createdTime`, `lastUpdateTime`) VALUES (99410, 99410, '-1', '人档轨迹统计', NULL, '0 0/5 * * * ?', '2021-03-25 15:20:00', '人档轨迹统计', NULL, 0, '人档轨迹统计', '2021-02-05 10:10:00', '2021-03-25 15:20:00');
INSERT INTO `TTASK_STEP`(`stepId`, `taskId`, `prevStepIds`, `name`, `descInfo`, `cronExpr`, `nextStartTime`, `tblCNNames`, `tblENNames`, `modelId`, `modelName`, `createdTime`, `lastUpdateTime`) VALUES (99501, 99500, '-1', '关联关系统计-人体关联人脸', NULL, '0 51 02 * * ?', '2021-03-28 16:51:00', '关联关系统计-人体关联人脸', NULL, 0, '关联关系统计-人体关联人脸', '2021-03-17 17:10:27', '2021-03-29 11:15:08');
INSERT INTO `TTASK_STEP`(`stepId`, `taskId`, `prevStepIds`, `name`, `descInfo`, `cronExpr`, `nextStartTime`, `tblCNNames`, `tblENNames`, `modelId`, `modelName`, `createdTime`, `lastUpdateTime`) VALUES (99502, 99500, '99304', '关联关系统计-同驾乘人员车辆', NULL, '0 23 02 * * ?', '2021-03-28 16:51:00', '关联关系统计-同驾乘人员车辆', NULL, 0, '关联关系统计-同驾乘人员车辆', '2021-03-17 17:10:27', '2021-03-29 11:15:08');
INSERT INTO `TTASK_STEP`(`stepId`, `taskId`, `prevStepIds`, `name`, `descInfo`, `cronExpr`, `nextStartTime`, `tblCNNames`, `tblENNames`, `modelId`, `modelName`, `createdTime`, `lastUpdateTime`) VALUES (99503, 99500, '99304', '关联关系统计-共用车辆人员', NULL, '0 43 02 * * ?', '2021-03-28 16:51:00', '关联关系统计-共用车辆人员', NULL, 0, '关联关系统计-共用车辆人员', '2021-03-17 17:10:27', '2021-03-29 11:15:08');

INSERT INTO `XXL_JOB_QRTZ_TRIGGER_INFO`(`id`, `taskId`, `job_group`, `job_cron`, `job_desc`, `add_time`, `update_time`, `author`, `alarm_email`, `executor_route_strategy`, `executor_handler`, `executor_param`, `executor_block_strategy`, `executor_timeout`, `executor_fail_retry_count`, `glue_type`, `glue_source`, `glue_remark`, `glue_updatetime`, `parent_jobid`, `child_jobid`, `status`) VALUES (99303, 99303, 6, '0 43 04 * * ?', '人脸Id与人员证件关联', '2020-12-08 17:43:35', '2020-12-08 17:43:39', 'PCI', NULL, 'RANDOM', 'sparkSubmitJobHandler', '{\"analyzeModel\":{\"env\":{\"shellName\":\"data-algorithm.sh\",\"deployEnvName\":\"ALG_DEPLOY_HOME\"},\"params\":[{\"cnName\":\"关系类别\",\"enName\":\"relType\",\"desc\":\"关系类别,如：imei-imsi,imsi-imsi\",\"value\":\"face-idcard\"},{\"cnName\":\"人员档案表所在数据库\",\"enName\":\"sourceDataBase\",\"value\":\"archive\",\"desc\":\"人员档案表所在数据库\"},{\"cnName\":\"数据落地MPPDB数据库名称\",\"enName\":\"landDataBase\",\"value\":\"pd_dts\"},{\"cnName\":\"分区数\",\"enName\":\"numPartitions\",\"desc\":\"分区数\",\"value\":\"10\"},{\"cnName\":\"数据库名称\",\"enName\":\"dataBaseName\",\"desc\":\"数据库名称\",\"value\":\"default\"},{\"cnName\":\"数据库类型\",\"enName\":\"databaseType\",\"desc\":\"数据库类型\",\"value\":\"hive\"}],\"isTag\":1,\"tagInfo\":[],\"mainClass\":\"com.suntek.algorithm.fusion.FaceIdentificationHandler\",\"modelId\":8,\"modelName\":\"人脸Id与人员证件关联\",\"stepId\":99303,\"taskId\":99303,\"descInfo\":\"\"},\"batchId\":0}', NULL, 0, 0, 'BEAN', NULL, NULL, '2020-12-08 17:43:59', NULL, NULL, 1);
INSERT INTO `XXL_JOB_QRTZ_TRIGGER_INFO`(`id`, `taskId`, `job_group`, `job_cron`, `job_desc`, `add_time`, `update_time`, `author`, `alarm_email`, `executor_route_strategy`, `executor_handler`, `executor_param`, `executor_block_strategy`, `executor_timeout`, `executor_fail_retry_count`, `glue_type`, `glue_source`, `glue_remark`, `glue_updatetime`, `parent_jobid`, `child_jobid`, `status`) VALUES (99304, 99304, 6, '0 43 01 * * ?', '人员Id与车辆(主副驾驶)关联', '2020-12-08 17:43:35', '2020-12-08 17:43:39', 'PCI', NULL, 'RANDOM', 'sparkSubmitJobHandler', '{\"analyzeModel\":{\"env\":{\"shellName\":\"data-algorithm.sh\",\"deployEnvName\":\"ALG_DEPLOY_HOME\"},\"params\":[{\"cnName\":\"关系类别\",\"enName\":\"relType\",\"desc\":\"关系类别,如：imei-imsi,imsi-imsi\",\"value\":\"person-car\"},{\"cnName\":\"数据落地MPPDB数据库名称\",\"enName\":\"landDataBase\",\"value\":\"pd_dts\"},{\"cnName\":\"分区数\",\"enName\":\"numPartitions\",\"desc\":\"分区数\",\"value\":\"10\"},{\"cnName\":\"数据库名称\",\"enName\":\"dataBaseName\",\"desc\":\"数据库名称\",\"value\":\"default\"},{\"cnName\":\"数据库类型\",\"enName\":\"databaseType\",\"desc\":\"数据库类型\",\"value\":\"hive\"}],\"isTag\":1,\"tagInfo\":[],\"mainClass\":\"com.suntek.algorithm.fusion.PersonCarDriverHandler\",\"modelId\":8,\"modelName\":\"人员Id与车辆(主副驾驶)关联\",\"stepId\":99304,\"taskId\":99304,\"descInfo\":\"\"},\"batchId\":0}', NULL, 0, 0, 'BEAN', NULL, NULL, '2020-12-08 17:43:59', NULL, NULL, 1);
INSERT INTO `XXL_JOB_QRTZ_TRIGGER_INFO`(`id`, `taskId`, `job_group`, `job_cron`, `job_desc`, `add_time`, `update_time`, `author`, `alarm_email`, `executor_route_strategy`, `executor_handler`, `executor_param`, `executor_block_strategy`, `executor_timeout`, `executor_fail_retry_count`, `glue_type`, `glue_source`, `glue_remark`, `glue_updatetime`, `parent_jobid`, `child_jobid`, `status`) VALUES (99305, 99305, 6, '0 33 03 * * ?', '人员Id与人体Id关联', '2020-12-08 17:43:35', '2020-12-08 17:43:39', 'PCI', NULL, 'RANDOM', 'sparkSubmitJobHandler', '{\"analyzeModel\":{\"env\":{\"shellName\":\"data-algorithm.sh\",\"deployEnvName\":\"ALG_DEPLOY_HOME\"},\"params\":[{\"cnName\":\"关系类别\",\"enName\":\"relType\",\"desc\":\"关系类别,如：imei-imsi,imsi-imsi\",\"value\":\"person-personbody\"},{\"cnName\":\"数据落地MPPDB数据库名称\",\"enName\":\"landDataBase\",\"value\":\"pd_dts\"},{\"cnName\":\"分区数\",\"enName\":\"numPartitions\",\"desc\":\"分区数\",\"value\":\"10\"},{\"cnName\":\"数据库名称\",\"enName\":\"dataBaseName\",\"desc\":\"数据库名称\",\"value\":\"default\"},{\"cnName\":\"数据库类型\",\"enName\":\"databaseType\",\"desc\":\"数据库类型\",\"value\":\"hive\"}],\"isTag\":1,\"tagInfo\":[],\"mainClass\":\"com.suntek.algorithm.fusion.PersonIdBodyHandler\",\"modelId\":8,\"modelName\":\"人员Id与人体Id关联\",\"stepId\":99305,\"taskId\":99305,\"descInfo\":\"\"},\"batchId\":0}', NULL, 0, 0, 'BEAN', NULL, NULL, '2020-12-08 17:43:59', NULL, NULL, 1);
INSERT INTO `XXL_JOB_QRTZ_TRIGGER_INFO`(`id`, `taskId`, `job_group`, `job_cron`, `job_desc`, `add_time`, `update_time`, `author`, `alarm_email`, `executor_route_strategy`, `executor_handler`, `executor_param`, `executor_block_strategy`, `executor_timeout`, `executor_fail_retry_count`, `glue_type`, `glue_source`, `glue_remark`, `glue_updatetime`, `parent_jobid`, `child_jobid`, `status`) VALUES (99403, 99403, 6, '0 0 0-23 * * ?', 'mpp同步数据到hive-人脸抓拍2', '2020-12-08 17:43:35', '2020-12-08 17:43:39', 'PCI', NULL, 'RANDOM', 'sparkSubmitJobHandler', '{\"analyzeModel\":{\"env\":{\"shellName\":\"data-algorithm.sh\",\"deployEnvName\":\"ALG_DEPLOY_HOME\"},\"params\":[{\"cnName\":\"spark任务数\",\"enName\":\"numPartitions\",\"desc\":\"spark任务数\",\"value\":\"20\"},{\"cnName\":\"spark.executor.cores\",\"enName\":\"spark.executor.cores\",\"desc\":\"spark进程核数\",\"value\":\"5\"},{\"cnName\":\"数据库名称\",\"enName\":\"dataBaseName\",\"desc\":\"数据库名称\",\"value\":\"default\"},{\"cnName\":\"数据库类型\",\"enName\":\"databaseType\",\"desc\":\"数据库类型\",\"value\":\"\"},{\"cnName\":\"mppUrl\",\"enName\":\"url\",\"desc\":\"mppUrl\",\"value\":\"\"},{\"cnName\":\"mpp用户名\",\"enName\":\"username\",\"desc\":\"mpp用户名\",\"value\":\"\"},{\"cnName\":\"mpp密码\",\"enName\":\"password\",\"desc\":\"mpp密码\",\"value\":\"\"},{\"cnName\":\"mpp库名\",\"enName\":\"landDataBase\",\"desc\":\"mpp库名\",\"value\":\"pd_dts\"},{\"cnName\":\"同步方式\",\"enName\":\"method\",\"desc\":\"同步方式[jdbc，gds]\",\"value\":\"jdbc\"},{\"cnName\":\"hive同步表名\",\"enName\":\"tableName\",\"desc\":\"hive同步表名\",\"value\":\"face_info\"},{\"cnName\":\"mpp同步表名\",\"enName\":\"mppTableName\",\"desc\":\"mpp同步表名\",\"value\":\"face_info\"}],\"isTag\":1,\"tagInfo\":[],\"mainClass\":\"com.suntek.algorithm.process.sql.SynchronizeDataFromMPPToHive\",\"modelId\":99403,\"modelName\":\"同步mpp数据导hive\",\"stepId\":99403,\"taskId\":99403,\"descInfo\":\"\"},\"batchId\":0}', NULL, 0, 0, 'BEAN', NULL, NULL, '2020-12-08 17:43:59', NULL, NULL, 0);
INSERT INTO `XXL_JOB_QRTZ_TRIGGER_INFO`(`id`, `taskId`, `job_group`, `job_cron`, `job_desc`, `add_time`, `update_time`, `author`, `alarm_email`, `executor_route_strategy`, `executor_handler`, `executor_param`, `executor_block_strategy`, `executor_timeout`, `executor_fail_retry_count`, `glue_type`, `glue_source`, `glue_remark`, `glue_updatetime`, `parent_jobid`, `child_jobid`, `status`) VALUES (99405, 99405, 6, '0 0 0-23 * * ?', 'mpp同步数据到hive-电围', '2021-02-05 10:10:00', '2021-02-05 10:10:00', 'PCI', NULL, 'RANDOM', 'sparkSubmitJobHandler', '{\"analyzeModel\":{\"env\":{\"shellName\":\"data-algorithm.sh\",\"deployEnvName\":\"ALG_DEPLOY_HOME\"},\"params\":[{\"cnName\":\"spark任务数\",\"enName\":\"numPartitions\",\"desc\":\"spark任务数\",\"value\":\"20\"},{\"cnName\":\"spark.executor.cores\",\"enName\":\"spark.executor.cores\",\"desc\":\"spark进程核数\",\"value\":\"5\"},{\"cnName\":\"数据库名称\",\"enName\":\"dataBaseName\",\"desc\":\"数据库名称\",\"value\":\"default\"},{\"cnName\":\"数据库类型\",\"enName\":\"databaseType\",\"desc\":\"数据库类型\",\"value\":\"mpp\"},{\"cnName\":\"mppUrl\",\"enName\":\"url\",\"desc\":\"mppUrl\",\"value\":\"jdbc:postgresql://172.25.21.18:25308/postgres\"},{\"cnName\":\"mpp用户名\",\"enName\":\"username\",\"desc\":\"mpp用户名\",\"value\":\"suntek\"},{\"cnName\":\"mpp密码\",\"enName\":\"password\",\"desc\":\"mpp密码\",\"value\":\"suntek@123\"},{\"cnName\":\"mpp库名\",\"enName\":\"landDataBase\",\"desc\":\"mpp库名\",\"value\":\"pd_dts\"},{\"cnName\":\"同步方式\",\"enName\":\"method\",\"desc\":\"同步方式[jdbc，gds]\",\"value\":\"jdbc\"},{\"cnName\":\"hive同步表名\",\"enName\":\"tableName\",\"desc\":\"hive同步表名\",\"value\":\"efence_detect_info\"},{\"cnName\":\"mpp同步表名\",\"enName\":\"mppTableName\",\"desc\":\"mpp同步表名\",\"value\":\"efence_detect_info\"}],\"isTag\":1,\"tagInfo\":[],\"mainClass\":\"com.suntek.algorithm.process.sql.SynchronizeDataFromMPPToHive\",\"modelId\":99405,\"modelName\":\"同步mpp数据导hive\",\"stepId\":99405,\"taskId\":99405,\"descInfo\":\"\"},\"batchId\":0}', NULL, 0, 0, 'BEAN', NULL, NULL, '2021-01-11 00:00:00', NULL, NULL, 0);
INSERT INTO `XXL_JOB_QRTZ_TRIGGER_INFO`(`id`, `taskId`, `job_group`, `job_cron`, `job_desc`, `add_time`, `update_time`, `author`, `alarm_email`, `executor_route_strategy`, `executor_handler`, `executor_param`, `executor_block_strategy`, `executor_timeout`, `executor_fail_retry_count`, `glue_type`, `glue_source`, `glue_remark`, `glue_updatetime`, `parent_jobid`, `child_jobid`, `status`) VALUES (99406, 99406, 6, '0 0 0-23 * * ?', 'mpp同步数据到hive-车辆', '2021-02-05 10:10:00', '2021-02-05 10:10:00', 'PCI', NULL, 'RANDOM', 'sparkSubmitJobHandler', '{\"analyzeModel\":{\"env\":{\"shellName\":\"data-algorithm.sh\",\"deployEnvName\":\"ALG_DEPLOY_HOME\"},\"params\":[{\"cnName\":\"spark任务数\",\"enName\":\"numPartitions\",\"desc\":\"spark任务数\",\"value\":\"20\"},{\"cnName\":\"spark.executor.cores\",\"enName\":\"spark.executor.cores\",\"desc\":\"spark进程核数\",\"value\":\"5\"},{\"cnName\":\"数据库名称\",\"enName\":\"dataBaseName\",\"desc\":\"数据库名称\",\"value\":\"default\"},{\"cnName\":\"数据库类型\",\"enName\":\"databaseType\",\"desc\":\"数据库类型\",\"value\":\"mpp\"},{\"cnName\":\"mppUrl\",\"enName\":\"url\",\"desc\":\"mppUrl\",\"value\":\"jdbc:postgresql://172.25.21.18:25308/postgres\"},{\"cnName\":\"mpp用户名\",\"enName\":\"username\",\"desc\":\"mpp用户名\",\"value\":\"suntek\"},{\"cnName\":\"mpp密码\",\"enName\":\"password\",\"desc\":\"mpp密码\",\"value\":\"suntek@123\"},{\"cnName\":\"mpp库名\",\"enName\":\"landDataBase\",\"desc\":\"mpp库名\",\"value\":\"pd_dts\"},{\"cnName\":\"同步方式\",\"enName\":\"method\",\"desc\":\"同步方式[jdbc，gds]\",\"value\":\"jdbc\"},{\"cnName\":\"hive同步表名\",\"enName\":\"tableName\",\"desc\":\"hive同步表名\",\"value\":\"car_detect_info\"},{\"cnName\":\"mpp同步表名\",\"enName\":\"mppTableName\",\"desc\":\"mpp同步表名\",\"value\":\"car_detect_info\"}],\"isTag\":1,\"tagInfo\":[],\"mainClass\":\"com.suntek.algorithm.process.sql.SynchronizeDataFromMPPToHive\",\"modelId\":99406,\"modelName\":\"同步mpp数据导hive\",\"stepId\":99406,\"taskId\":99406,\"descInfo\":\"\"},\"batchId\":0}', NULL, 0, 0, 'BEAN', NULL, NULL, '2021-01-11 00:00:00', NULL, NULL, 0);
INSERT INTO `XXL_JOB_QRTZ_TRIGGER_INFO`(`id`, `taskId`, `job_group`, `job_cron`, `job_desc`, `add_time`, `update_time`, `author`, `alarm_email`, `executor_route_strategy`, `executor_handler`, `executor_param`, `executor_block_strategy`, `executor_timeout`, `executor_fail_retry_count`, `glue_type`, `glue_source`, `glue_remark`, `glue_updatetime`, `parent_jobid`, `child_jobid`, `status`) VALUES (99407, 99407, 6, '0 0 0-23 * * ?', 'mpp同步数据到hive-人脸', '2021-02-05 10:10:00', '2021-02-05 10:10:00', 'PCI', NULL, 'RANDOM', 'sparkSubmitJobHandler', '{\"analyzeModel\":{\"env\":{\"shellName\":\"data-algorithm.sh\",\"deployEnvName\":\"ALG_DEPLOY_HOME\"},\"params\":[{\"cnName\":\"spark任务数\",\"enName\":\"numPartitions\",\"desc\":\"spark任务数\",\"value\":\"20\"},{\"cnName\":\"spark.executor.cores\",\"enName\":\"spark.executor.cores\",\"desc\":\"spark进程核数\",\"value\":\"5\"},{\"cnName\":\"数据库名称\",\"enName\":\"dataBaseName\",\"desc\":\"数据库名称\",\"value\":\"default\"},{\"cnName\":\"数据库类型\",\"enName\":\"databaseType\",\"desc\":\"数据库类型\",\"value\":\"mpp\"},{\"cnName\":\"mppUrl\",\"enName\":\"url\",\"desc\":\"mppUrl\",\"value\":\"jdbc:postgresql://172.25.21.18:25308/postgres\"},{\"cnName\":\"mpp用户名\",\"enName\":\"username\",\"desc\":\"mpp用户名\",\"value\":\"suntek\"},{\"cnName\":\"mpp密码\",\"enName\":\"password\",\"desc\":\"mpp密码\",\"value\":\"suntek@123\"},{\"cnName\":\"mpp库名\",\"enName\":\"landDataBase\",\"desc\":\"mpp库名\",\"value\":\"pd_dts\"},{\"cnName\":\"同步方式\",\"enName\":\"method\",\"desc\":\"同步方式[jdbc，gds]\",\"value\":\"jdbc\"},{\"cnName\":\"hive同步表名\",\"enName\":\"tableName\",\"desc\":\"hive同步表名\",\"value\":\"hive_face_detect_rl\"},{\"cnName\":\"mpp同步表名\",\"enName\":\"mppTableName\",\"desc\":\"mpp同步表名\",\"value\":\"hive_face_detect_rl\"}],\"isTag\":1,\"tagInfo\":[],\"mainClass\":\"com.suntek.algorithm.process.sql.SynchronizeDataFromMPPToHive\",\"modelId\":99407,\"modelName\":\"同步mpp数据导hive\",\"stepId\":99407,\"taskId\":99407,\"descInfo\":\"\"},\"batchId\":0}', NULL, 0, 0, 'BEAN', NULL, NULL, '2021-01-11 00:00:00', NULL, NULL, 0);
INSERT INTO `XXL_JOB_QRTZ_TRIGGER_INFO`(`id`, `taskId`, `job_group`, `job_cron`, `job_desc`, `add_time`, `update_time`, `author`, `alarm_email`, `executor_route_strategy`, `executor_handler`, `executor_param`, `executor_block_strategy`, `executor_timeout`, `executor_fail_retry_count`, `glue_type`, `glue_source`, `glue_remark`, `glue_updatetime`, `parent_jobid`, `child_jobid`, `status`) VALUES (99408, 99408, 6, '0 0 0-23 * * ?', 'mpp同步数据到hive-同乘', '2021-02-05 10:10:00', '2021-02-05 10:10:00', 'PCI', NULL, 'RANDOM', 'sparkSubmitJobHandler', '{\"analyzeModel\":{\"env\":{\"shellName\":\"data-algorithm.sh\",\"deployEnvName\":\"ALG_DEPLOY_HOME\"},\"params\":[{\"cnName\":\"spark任务数\",\"enName\":\"numPartitions\",\"desc\":\"spark任务数\",\"value\":\"20\"},{\"cnName\":\"spark.executor.cores\",\"enName\":\"spark.executor.cores\",\"desc\":\"spark进程核数\",\"value\":\"5\"},{\"cnName\":\"数据库名称\",\"enName\":\"dataBaseName\",\"desc\":\"数据库名称\",\"value\":\"default\"},{\"cnName\":\"数据库类型\",\"enName\":\"databaseType\",\"desc\":\"数据库类型\",\"value\":\"mpp\"},{\"cnName\":\"mppUrl\",\"enName\":\"url\",\"desc\":\"mppUrl\",\"value\":\"jdbc:postgresql://172.25.21.18:25308/beehive\"},{\"cnName\":\"mpp用户名\",\"enName\":\"username\",\"desc\":\"mpp用户名\",\"value\":\"suntek\"},{\"cnName\":\"mpp密码\",\"enName\":\"password\",\"desc\":\"mpp密码\",\"value\":\"suntek@123\"},{\"cnName\":\"mpp库名\",\"enName\":\"landDataBase\",\"desc\":\"mpp库名\",\"value\":\"pd_dts\"},{\"cnName\":\"同步方式\",\"enName\":\"method\",\"desc\":\"同步方式[jdbc，gds]\",\"value\":\"jdbc\"},{\"cnName\":\"hive同步表名\",\"enName\":\"tableName\",\"desc\":\"hive同步表名\",\"value\":\"vehicle_front_face_info\"},{\"cnName\":\"mpp同步表名\",\"enName\":\"mppTableName\",\"desc\":\"mpp同步表名\",\"value\":\"vehicle_front_face_info\"}],\"isTag\":1,\"tagInfo\":[],\"mainClass\":\"com.suntek.algorithm.process.sql.SynchronizeDataFromMPPToHive\",\"modelId\":99408,\"modelName\":\"同步mpp数据导hive\",\"stepId\":99408,\"taskId\":99408,\"descInfo\":\"\"},\"batchId\":0}', NULL, 0, 0, 'BEAN', NULL, NULL, '2021-01-11 00:00:00', NULL, NULL, 0);
INSERT INTO `XXL_JOB_QRTZ_TRIGGER_INFO`(`id`, `taskId`, `job_group`, `job_cron`, `job_desc`, `add_time`, `update_time`, `author`, `alarm_email`, `executor_route_strategy`, `executor_handler`, `executor_param`, `executor_block_strategy`, `executor_timeout`, `executor_fail_retry_count`, `glue_type`, `glue_source`, `glue_remark`, `glue_updatetime`, `parent_jobid`, `child_jobid`, `status`) VALUES (99409, 99409, 6, '0 0 0-23 * * ?', 'mpp同步数据到hive-视频', '2021-02-05 10:10:00', '2021-02-05 10:10:00', 'PCI', NULL, 'RANDOM', 'sparkSubmitJobHandler', '{\"analyzeModel\":{\"env\":{\"shellName\":\"data-algorithm.sh\",\"deployEnvName\":\"ALG_DEPLOY_HOME\"},\"params\":[{\"cnName\":\"spark任务数\",\"enName\":\"numPartitions\",\"desc\":\"spark任务数\",\"value\":\"20\"},{\"cnName\":\"spark.executor.cores\",\"enName\":\"spark.executor.cores\",\"desc\":\"spark进程核数\",\"value\":\"5\"},{\"cnName\":\"数据库名称\",\"enName\":\"dataBaseName\",\"desc\":\"数据库名称\",\"value\":\"default\"},{\"cnName\":\"数据库类型\",\"enName\":\"databaseType\",\"desc\":\"数据库类型\",\"value\":\"mpp\"},{\"cnName\":\"mppUrl\",\"enName\":\"url\",\"desc\":\"mppUrl\",\"value\":\"jdbc:postgresql://172.25.21.18:25308/beehive\"},{\"cnName\":\"mpp用户名\",\"enName\":\"username\",\"desc\":\"mpp用户名\",\"value\":\"suntek\"},{\"cnName\":\"mpp密码\",\"enName\":\"password\",\"desc\":\"mpp密码\",\"value\":\"suntek@123\"},{\"cnName\":\"mpp库名\",\"enName\":\"landDataBase\",\"desc\":\"mpp库名\",\"value\":\"pd_dts\"},{\"cnName\":\"同步方式\",\"enName\":\"method\",\"desc\":\"同步方式[jdbc，gds]\",\"value\":\"jdbc\"},{\"cnName\":\"hive同步表名\",\"enName\":\"tableName\",\"desc\":\"hive同步表名\",\"value\":\"video_person_info\"},{\"cnName\":\"mpp同步表名\",\"enName\":\"mppTableName\",\"desc\":\"mpp同步表名\",\"value\":\"video_person_info\"}],\"isTag\":1,\"tagInfo\":[],\"mainClass\":\"com.suntek.algorithm.process.sql.SynchronizeDataFromMPPToHive\",\"modelId\":99409,\"modelName\":\"同步mpp数据导hive\",\"stepId\":99409,\"taskId\":99409,\"descInfo\":\"\"},\"batchId\":0}', NULL, 0, 0, 'BEAN', NULL, NULL, '2021-01-11 00:00:00', NULL, NULL, 0);
INSERT INTO `XXL_JOB_QRTZ_TRIGGER_INFO`(`id`, `taskId`, `job_group`, `job_cron`, `job_desc`, `add_time`, `update_time`, `author`, `alarm_email`, `executor_route_strategy`, `executor_handler`, `executor_param`, `executor_block_strategy`, `executor_timeout`, `executor_fail_retry_count`, `glue_type`, `glue_source`, `glue_remark`, `glue_updatetime`, `parent_jobid`, `child_jobid`, `status`) VALUES (99410, 99410, 6, '0 0/5 * * * ?', '人档轨迹统计', '2021-02-05 10:10:00', '2021-02-05 10:10:00', 'PCI', NULL, 'RANDOM', 'sparkSubmitJobHandler', '{\"analyzeModel\":{\"env\":{\"shellName\":\"data-algorithm.sh\",\"deployEnvName\":\"ALG_DEPLOY_HOME\"},\"params\":[{\"cnName\":\"数据库名称\",\"enName\":\"dataBaseName\",\"desc\":\"数据库名称\",\"value\":\"default\"},{\"cnName\":\"数据库类型\",\"enName\":\"databaseType\",\"desc\":\"数据库类型\",\"value\":\"mpp\"},{\"cnName\":\"mppUrl\",\"enName\":\"url\",\"desc\":\"mppUrl\",\"value\":\"jdbc:postgresql://172.25.21.18:25308/beehive\"},{\"cnName\":\"mpp用户名\",\"enName\":\"username\",\"desc\":\"mpp用户名\",\"value\":\"suntek\"},{\"cnName\":\"mpp库名\",\"enName\":\"landDataBase\",\"desc\":\"mpp库名\",\"value\":\"pd_dts\"},{\"cnName\":\"mpp密码\",\"enName\":\"password\",\"desc\":\"mpp密码\",\"value\":\"suntek@123\"},{\"cnName\":\"延迟时间\",\"enName\":\"dalayTime\",\"desc\":\"延迟时间(秒)\",\"value\":\"300\"},{\"cnName\":\"统计类型\",\"enName\":\"statisticsType\",\"desc\":\"统计类型（人：表时间类型)\",\"value\":\"person:yyMMddHHmmss;car:yyMMddHHmmss;code:yyMMddHHmmss;statistics:yyyyMMddHHmmss\"}],\"isTag\":1,\"tagInfo\":[],\"mainClass\":\"com.suntek.algorithm.process.sql.MppStatistics\",\"modelId\":99410,\"modelName\":\"人档轨迹统计\",\"stepId\":99410,\"taskId\":99410,\"descInfo\":\"\"},\"batchId\":0}', NULL, 0, 0, 'BEAN', NULL, NULL, '2021-01-11 00:00:00', NULL, NULL, 0);
INSERT INTO `XXL_JOB_QRTZ_TRIGGER_INFO`(`id`, `taskId`, `job_group`, `job_cron`, `job_desc`, `add_time`, `update_time`, `author`, `alarm_email`, `executor_route_strategy`, `executor_handler`, `executor_param`, `executor_block_strategy`, `executor_timeout`, `executor_fail_retry_count`, `glue_type`, `glue_source`, `glue_remark`, `glue_updatetime`, `parent_jobid`, `child_jobid`, `status`) VALUES (99501, 99500, 6, '0 51 02 * * ?', '关联关系统计-人体关联人脸', '2020-12-08 17:43:35', '2020-12-08 17:43:39', 'PCI', NULL, 'RANDOM', 'sparkSubmitJobHandler', '{\"analyzeModel\":{\"env\":{\"shellName\":\"data-algorithm.sh\",\"deployEnvName\":\"ALG_DEPLOY_HOME\"},\"params\":[{\"cnName\":\"sparkdriver内存设置\",\"enName\":\"spark.driver.memory\",\"desc\":\"sparkdriver内存设置\",\"value\":\"5g\"},{\"cnName\":\"关系类别\",\"enName\":\"relType\",\"desc\":\"关系类别,如：imei-imsi,imsi-imsi\",\"value\":\"personbody-face\"},{\"cnName\":\"数据库名称\",\"enName\":\"dataBaseName\",\"desc\":\"数据库名称\",\"value\":\"default\"},{\"cnName\":\"数据库类型\",\"enName\":\"databaseType\",\"desc\":\"数据库类型\",\"value\":\"hive\"},{\"cnName\":\"数据时间范围\",\"enName\":\"prevHourNums\",\"desc\":\"获取多长时间的数据，单位是小时\",\"value\":\"8760\"}],\"isTag\":1,\"tagInfo\":[],\"mainClass\":\"com.suntek.algorithm.fusion.PersonFaceRelateStatHandler\",\"modelId\":8,\"modelName\":\"stat\",\"stepId\":99501,\"taskId\":99500,\"descInfo\":\"\"},\"batchId\":0}', NULL, 0, 0, 'BEAN', NULL, NULL, '2020-12-08 17:43:59', NULL, NULL, 1);
INSERT INTO `XXL_JOB_QRTZ_TRIGGER_INFO`(`id`, `taskId`, `job_group`, `job_cron`, `job_desc`, `add_time`, `update_time`, `author`, `alarm_email`, `executor_route_strategy`, `executor_handler`, `executor_param`, `executor_block_strategy`, `executor_timeout`, `executor_fail_retry_count`, `glue_type`, `glue_source`, `glue_remark`, `glue_updatetime`, `parent_jobid`, `child_jobid`, `status`) VALUES (99502, 99500, 6, '0 23 02 * * ?', '关联关系统计-同驾乘人员车辆', '2020-12-08 17:43:35', '2020-12-08 17:43:39', 'PCI', NULL, 'RANDOM', 'sparkSubmitJobHandler', '{\"analyzeModel\":{\"env\":{\"shellName\":\"data-algorithm.sh\",\"deployEnvName\":\"ALG_DEPLOY_HOME\"},\"params\":[{\"cnName\":\"sparkdriver内存设置\",\"enName\":\"spark.driver.memory\",\"desc\":\"sparkdriver内存设置\",\"value\":\"5g\"},{\"cnName\":\"关系类别\",\"enName\":\"relType\",\"desc\":\"关系类别,如：imei-imsi,imsi-imsi\",\"value\":\"car-car\"},{\"cnName\":\"数据库名称\",\"enName\":\"dataBaseName\",\"desc\":\"数据库名称\",\"value\":\"default\"},{\"cnName\":\"数据库类型\",\"enName\":\"databaseType\",\"desc\":\"数据库类型\",\"value\":\"hive\"},{\"cnName\":\"数据时间范围\",\"enName\":\"prevHourNums\",\"desc\":\"获取多长时间的数据，单位是小时\",\"value\":\"8760\"}],\"isTag\":1,\"tagInfo\":[],\"mainClass\":\"com.suntek.algorithm.fusion.Car2CarSamePersonRelateHandler\",\"modelId\":8,\"modelName\":\"stat\",\"stepId\":99502,\"taskId\":99500,\"descInfo\":\"\"},\"batchId\":0}', NULL, 0, 0, 'BEAN', NULL, NULL, '2020-12-08 17:43:59', NULL, NULL, 1);
INSERT INTO `XXL_JOB_QRTZ_TRIGGER_INFO`(`id`, `taskId`, `job_group`, `job_cron`, `job_desc`, `add_time`, `update_time`, `author`, `alarm_email`, `executor_route_strategy`, `executor_handler`, `executor_param`, `executor_block_strategy`, `executor_timeout`, `executor_fail_retry_count`, `glue_type`, `glue_source`, `glue_remark`, `glue_updatetime`, `parent_jobid`, `child_jobid`, `status`) VALUES (99503, 99500, 6, '0 43 02 * * ?', '关联关系统计-共用车辆人员', '2020-12-08 17:43:35', '2020-12-08 17:43:39', 'PCI', NULL, 'RANDOM', 'sparkSubmitJobHandler', '{\"analyzeModel\":{\"env\":{\"shellName\":\"data-algorithm.sh\",\"deployEnvName\":\"ALG_DEPLOY_HOME\"},\"params\":[{\"cnName\":\"sparkdriver内存设置\",\"enName\":\"spark.driver.memory\",\"desc\":\"sparkdriver内存设置\",\"value\":\"5g\"},{\"cnName\":\"关系类别\",\"enName\":\"relType\",\"desc\":\"关系类别,如：imei-imsi,imsi-imsi\",\"value\":\"person-person\"},{\"cnName\":\"数据库名称\",\"enName\":\"dataBaseName\",\"desc\":\"数据库名称\",\"value\":\"default\"},{\"cnName\":\"数据库类型\",\"enName\":\"databaseType\",\"desc\":\"数据库类型\",\"value\":\"hive\"},{\"cnName\":\"数据时间范围\",\"enName\":\"prevHourNums\",\"desc\":\"获取多长时间的数据，单位是小时\",\"value\":\"8760\"}],\"isTag\":1,\"tagInfo\":[],\"mainClass\":\"com.suntek.algorithm.fusion.P2PSameCarRelateHandler\",\"modelId\":8,\"modelName\":\"stat\",\"stepId\":99503,\"taskId\":99500,\"descInfo\":\"\"},\"batchId\":0}', NULL, 0, 0, 'BEAN', NULL, NULL, '2020-12-08 17:43:59', NULL, NULL, 1);

INSERT INTO `TTASK_STEP_INSTANCE`(`taskInstanceId`, `taskId`, `stepId`, `jobId`, `status`, `descInfo`, `batchId`, `parent_stepId`, `filterCondition`, `scheduleTime`, `startTime`, `stopTime`, `applicationId`, `completeTime`, `exception`, `lastUpdateTime`, `dataRange`, `isAlter`) VALUES (99303, 99303, 99303, 99303, 0, '未运行', 0, NULL, NULL, '0 43 04 * * ?', '2021-03-28 18:49:10', '2021-03-28 18:49:50', NULL, '2021-03-28 18:49:50', 'success', '2021-03-29 11:23:15', 1, 0);
INSERT INTO `TTASK_STEP_INSTANCE`(`taskInstanceId`, `taskId`, `stepId`, `jobId`, `status`, `descInfo`, `batchId`, `parent_stepId`, `filterCondition`, `scheduleTime`, `startTime`, `stopTime`, `applicationId`, `completeTime`, `exception`, `lastUpdateTime`, `dataRange`, `isAlter`) VALUES (99304, 99304, 99304, 99304, 0, '未运行', 0, NULL, NULL, '0 43 01 * * ?', '2021-03-28 17:33:10', '2021-03-28 17:33:54', NULL, '2021-03-28 17:33:54', 'success', '2021-03-29 11:23:15', 1, 0);
INSERT INTO `TTASK_STEP_INSTANCE`(`taskInstanceId`, `taskId`, `stepId`, `jobId`, `status`, `descInfo`, `batchId`, `parent_stepId`, `filterCondition`, `scheduleTime`, `startTime`, `stopTime`, `applicationId`, `completeTime`, `exception`, `lastUpdateTime`, `dataRange`, `isAlter`) VALUES (99305, 99305, 99305, 99305, 0, '未运行', 0, NULL, NULL, '0 33 03 * * ?', '2021-03-28 17:02:10', '2021-03-28 17:02:49', NULL, '2021-03-28 17:02:49', 'success', '2021-03-29 11:23:15', 1, 0);
INSERT INTO `TTASK_STEP_INSTANCE`(`taskInstanceId`, `taskId`, `stepId`, `jobId`, `status`, `descInfo`, `batchId`, `parent_stepId`, `filterCondition`, `scheduleTime`, `startTime`, `stopTime`, `applicationId`, `completeTime`, `exception`, `lastUpdateTime`, `dataRange`, `isAlter`) VALUES (99403, 99403, 99403, 99403, 0, '未运行', 0, NULL, NULL, '0 0 0-23 * * ?', '2021-03-29 11:00:10', '2021-03-29 11:00:44', NULL, '2021-03-29 11:00:44', 'success', '2021-03-29 11:23:40', 1, 0);
INSERT INTO `TTASK_STEP_INSTANCE`(`taskInstanceId`, `taskId`, `stepId`, `jobId`, `status`, `descInfo`, `batchId`, `parent_stepId`, `filterCondition`, `scheduleTime`, `startTime`, `stopTime`, `applicationId`, `completeTime`, `exception`, `lastUpdateTime`, `dataRange`, `isAlter`) VALUES (99405, 99405, 99405, 99405, 0, '未运行', 0, NULL, NULL, '0 0 0-23 * * ?', '2021-03-29 11:00:10', '2021-03-29 11:00:45', NULL, '2021-03-29 11:00:45', 'success', '2021-03-29 11:23:40', 1, 0);
INSERT INTO `TTASK_STEP_INSTANCE`(`taskInstanceId`, `taskId`, `stepId`, `jobId`, `status`, `descInfo`, `batchId`, `parent_stepId`, `filterCondition`, `scheduleTime`, `startTime`, `stopTime`, `applicationId`, `completeTime`, `exception`, `lastUpdateTime`, `dataRange`, `isAlter`) VALUES (99406, 99406, 99406, 99406, 0, '未运行', 0, NULL, NULL, '0 0 0-23 * * ?', '2021-03-29 11:00:10', '2021-03-29 11:00:45', NULL, '2021-03-29 11:00:45', 'success', '2021-03-29 11:23:40', 1, 0);
INSERT INTO `TTASK_STEP_INSTANCE`(`taskInstanceId`, `taskId`, `stepId`, `jobId`, `status`, `descInfo`, `batchId`, `parent_stepId`, `filterCondition`, `scheduleTime`, `startTime`, `stopTime`, `applicationId`, `completeTime`, `exception`, `lastUpdateTime`, `dataRange`, `isAlter`) VALUES (99407, 99407, 99407, 99407, 0, '未运行', 0, NULL, NULL, '0 0 0-23 * * ?', '2021-03-29 11:00:10', '2021-03-29 11:00:44', NULL, '2021-03-29 11:00:44', 'success', '2021-03-29 11:23:40', 1, 0);
INSERT INTO `TTASK_STEP_INSTANCE`(`taskInstanceId`, `taskId`, `stepId`, `jobId`, `status`, `descInfo`, `batchId`, `parent_stepId`, `filterCondition`, `scheduleTime`, `startTime`, `stopTime`, `applicationId`, `completeTime`, `exception`, `lastUpdateTime`, `dataRange`, `isAlter`) VALUES (99408, 99408, 99408, 99408, 0, '未运行', 0, NULL, NULL, '0 0 0-23 * * ?', '2021-03-29 11:00:10', '2021-03-29 11:00:23', NULL, '2021-03-29 09:00:33', '执行失败：ERROR: relation \"vehicle_front_face_info\" does not exist\n  位置：229', '2021-03-29 11:23:40', 1, 0);
INSERT INTO `TTASK_STEP_INSTANCE`(`taskInstanceId`, `taskId`, `stepId`, `jobId`, `status`, `descInfo`, `batchId`, `parent_stepId`, `filterCondition`, `scheduleTime`, `startTime`, `stopTime`, `applicationId`, `completeTime`, `exception`, `lastUpdateTime`, `dataRange`, `isAlter`) VALUES (99409, 99409, 99409, 99409, 0, '未运行', 0, NULL, NULL, '0 0 0-23 * * ?', '2021-03-29 11:00:10', '2021-03-29 11:00:23', NULL, '2021-03-29 09:00:28', '执行失败：ERROR: relation \"video_person_info\" does not exist\n  位置：110', '2021-03-29 11:23:40', 1, 0);
INSERT INTO `TTASK_STEP_INSTANCE`(`taskInstanceId`, `taskId`, `stepId`, `jobId`, `status`, `descInfo`, `batchId`, `parent_stepId`, `filterCondition`, `scheduleTime`, `startTime`, `stopTime`, `applicationId`, `completeTime`, `exception`, `lastUpdateTime`, `dataRange`, `isAlter`) VALUES (99410, 99410, 99410, 99410, 0, '未运行', 0, NULL, NULL, '0 27 20 * * ?', '2021-03-25 15:20:10', '2021-03-29 11:20:09', NULL, '2021-03-29 11:20:09', 'success', '2021-03-29 11:23:40', 1, 0);
INSERT INTO `TTASK_STEP_INSTANCE`(`taskInstanceId`, `taskId`, `stepId`, `jobId`, `status`, `descInfo`, `batchId`, `parent_stepId`, `filterCondition`, `scheduleTime`, `startTime`, `stopTime`, `applicationId`, `completeTime`, `exception`, `lastUpdateTime`, `dataRange`, `isAlter`) VALUES (99501, 99500, 99501, 99501, 0, '未运行', 0, NULL, NULL, '0 51 02 * * ?', '2021-03-28 16:51:10', '2021-03-28 16:52:09', NULL, '2021-03-28 16:52:09', 'success', '2021-03-29 11:23:57', 1, 0);
INSERT INTO `TTASK_STEP_INSTANCE`(`taskInstanceId`, `taskId`, `stepId`, `jobId`, `status`, `descInfo`, `batchId`, `parent_stepId`, `filterCondition`, `scheduleTime`, `startTime`, `stopTime`, `applicationId`, `completeTime`, `exception`, `lastUpdateTime`, `dataRange`, `isAlter`) VALUES (99502, 99500, 99502, 99502, 0, '未运行', 0, NULL, NULL, '0 23 02 * * ?', '2021-03-28 16:51:10', '2021-03-28 16:52:02', NULL, '2021-03-28 16:52:02', 'success', '2021-03-29 11:23:57', 1, 0);
INSERT INTO `TTASK_STEP_INSTANCE`(`taskInstanceId`, `taskId`, `stepId`, `jobId`, `status`, `descInfo`, `batchId`, `parent_stepId`, `filterCondition`, `scheduleTime`, `startTime`, `stopTime`, `applicationId`, `completeTime`, `exception`, `lastUpdateTime`, `dataRange`, `isAlter`) VALUES (99503, 99500, 99503, 99503, 0, '未运行', 0, NULL, NULL, '0 43 02 * * ?', '2021-03-28 16:51:10', '2021-03-28 16:51:53', NULL, '2021-03-28 16:51:53', 'success', '2021-03-29 11:23:57', 1, 0);